,amount,transaction_hour,merchant_category,location,device_type,transaction_frequency,previous_fraud_count,is_fraud
0,0.05350250562439055,0.17391304347826086,0.8888888888888888,0.8888888888888888,0.75,0.0,0.0,0
1,0.011622380019803882,0.6521739130434783,0.2222222222222222,0.4444444444444444,0.25,0.3571428571428571,0.0,0
2,0.08531492505731134,0.3913043478260869,0.0,0.1111111111111111,0.5,0.6428571428571428,0.3333333333333333,0
3,0.10383601330388914,0.34782608695652173,0.2222222222222222,0.3333333333333333,0.5,0.2857142857142857,0.0,0
4,0.002796026916703765,0.6956521739130435,0.8888888888888888,0.1111111111111111,0.25,0.8571428571428571,0.0,1
5,0.008217920567217355,0.3913043478260869,0.6666666666666666,0.6666666666666666,0.5,0.8571428571428571,0.0,0
6,0.044320134721656246,0.4782608695652174,0.1111111111111111,0.6666666666666666,0.75,0.5,0.0,0
7,0.027301604842846713,0.43478260869565216,1.0,1.0,0.75,0.3571428571428571,0.6666666666666666,1
8,0.03792876755679488,0.2608695652173913,0.4444444444444444,0.5555555555555556,0.5,0.0,0.0,0
9,0.014657007930971477,0.13043478260869565,0.8888888888888888,0.4444444444444444,0.75,0.8571428571428571,0.0,0
10,0.09748859895379744,0.8260869565217391,0.8888888888888888,0.6666666666666666,0.0,0.9285714285714286,0.0,0
11,0.0877668642241041,0.08695652173913043,0.1111111111111111,0.4444444444444444,0.25,0.4285714285714286,0.6666666666666666,1
12,0.04147513181135201,0.30434782608695654,0.2222222222222222,1.0,0.25,0.5,0.0,0
13,0.1257917000760384,0.6956521739130435,1.0,0.0,0.75,0.7857142857142857,0.0,0
14,0.063516840520979,0.13043478260869565,0.1111111111111111,0.4444444444444444,0.5,0.7142857142857143,0.0,1
15,0.014545870099339643,0.6521739130434783,0.4444444444444444,0.6666666666666666,0.75,0.14285714285714285,0.0,0
16,0.05724854123747267,0.7391304347826086,0.8888888888888888,0.5555555555555556,0.5,0.7142857142857143,0.0,0
17,0.012869384164554316,0.6521739130434783,1.0,0.2222222222222222,0.25,0.9285714285714286,0.0,0
18,0.09739378645336574,0.30434782608695654,1.0,0.1111111111111111,0.75,0.7857142857142857,0.0,0
19,0.03659071829573589,0.0,0.1111111111111111,0.4444444444444444,0.25,0.5,0.0,0
20,0.03157570213051852,0.9130434782608695,0.2222222222222222,0.5555555555555556,0.25,0.5,0.0,0
21,0.01799930554552664,0.30434782608695654,0.7777777777777777,0.6666666666666666,0.25,0.21428571428571427,0.0,0
22,0.13868306064797753,0.8260869565217391,0.8888888888888888,1.0,0.5,0.6428571428571428,0.0,0
23,0.03264501132412878,0.17391304347826086,0.3333333333333333,0.8888888888888888,0.5,0.21428571428571427,0.0,0
24,0.024073584546692645,0.13043478260869565,0.7777777777777777,0.0,0.5,0.3571428571428571,0.0,0
25,0.026228528265113335,0.7826086956521738,0.5555555555555556,0.1111111111111111,0.25,0.21428571428571427,1.0,1
26,0.06797867911745262,0.9565217391304348,0.3333333333333333,0.7777777777777777,0.5,0.3571428571428571,0.0,0
27,0.05704886987894768,0.8695652173913043,0.7777777777777777,0.6666666666666666,0.5,0.3571428571428571,0.0,0
28,0.0599635693955295,0.7826086956521738,0.7777777777777777,0.8888888888888888,0.75,0.07142857142857142,0.0,0
29,0.0611151331424944,0.21739130434782608,0.2222222222222222,0.2222222222222222,0.5,0.7142857142857143,0.0,0
30,0.35241680830984473,0.9130434782608695,0.8888888888888888,0.4444444444444444,0.5,0.4285714285714286,0.0,0
31,0.024676993903744594,0.6956521739130435,0.4444444444444444,0.4444444444444444,0.5,1.0,0.0,0
32,0.021883478576456235,0.17391304347826086,0.4444444444444444,0.2222222222222222,0.5,0.14285714285714285,0.0,0
33,0.015369671427593701,0.13043478260869565,0.8888888888888888,0.0,0.75,0.7142857142857143,0.0,0
34,0.07418544446028141,0.8695652173913043,0.8888888888888888,0.1111111111111111,0.5,0.14285714285714285,0.0,0
35,0.12601523153400976,0.2608695652173913,0.8888888888888888,0.7777777777777777,0.5,0.5714285714285714,0.0,0
36,0.03412684907921993,0.7826086956521738,0.3333333333333333,0.3333333333333333,0.0,0.5,0.3333333333333333,0
37,0.014887446259835228,0.13043478260869565,0.3333333333333333,0.8888888888888888,0.75,0.4285714285714286,0.0,0
38,0.015172511658484118,0.2608695652173913,0.6666666666666666,0.6666666666666666,0.75,0.6428571428571428,0.0,0
39,0.07690863528393832,0.2608695652173913,0.4444444444444444,0.2222222222222222,0.75,0.8571428571428571,0.0,0
40,0.08468074872992065,0.2608695652173913,0.1111111111111111,0.4444444444444444,0.75,0.2857142857142857,0.0,0
41,0.06875413234946004,0.6956521739130435,0.2222222222222222,0.7777777777777777,0.5,0.8571428571428571,0.0,0
42,0.01832769586159133,0.9130434782608695,0.6666666666666666,0.8888888888888888,0.25,0.14285714285714285,0.0,0
43,0.049538589629521734,0.9130434782608695,0.5555555555555556,1.0,0.25,0.2857142857142857,0.0,0
44,0.04379332884177427,0.7391304347826086,0.7777777777777777,0.2222222222222222,0.5,0.2857142857142857,0.0,0
45,0.04883346090114573,0.17391304347826086,0.7777777777777777,0.2222222222222222,0.5,1.0,0.0,1
46,0.09668991351969747,1.0,1.0,0.2222222222222222,0.5,0.07142857142857142,0.0,0
47,0.04908901512416356,0.5652173913043478,0.8888888888888888,0.0,1.0,0.3571428571428571,0.0,0
48,0.07920799539374501,0.5652173913043478,0.1111111111111111,0.5555555555555556,0.75,0.4285714285714286,0.6666666666666666,1
49,0.04154420052027575,0.6956521739130435,0.3333333333333333,1.0,0.75,0.8571428571428571,0.0,0
50,0.05262596091841291,0.7826086956521738,0.7777777777777777,0.5555555555555556,0.5,0.5,0.0,0
51,0.07537844943260055,0.9565217391304348,1.0,0.7777777777777777,0.5,1.0,0.0,0
52,0.0065872711392632385,0.5652173913043478,0.3333333333333333,0.7777777777777777,0.25,0.7857142857142857,0.3333333333333333,0
53,0.02719737388210725,0.6086956521739131,0.1111111111111111,0.7777777777777777,0.25,0.7142857142857143,0.0,0
54,0.022953415667420356,0.7391304347826086,0.4444444444444444,0.1111111111111111,0.75,0.7857142857142857,0.3333333333333333,0
55,0.018907245119196895,0.2608695652173913,0.4444444444444444,0.3333333333333333,0.75,0.14285714285714285,0.0,0
56,0.028578748060582047,0.30434782608695654,0.4444444444444444,0.2222222222222222,0.75,0.4285714285714286,0.0,0
57,0.1830898452044654,0.6521739130434783,0.7777777777777777,0.4444444444444444,0.75,0.5714285714285714,0.0,0
58,0.014430964883584693,0.043478260869565216,0.8888888888888888,0.7777777777777777,0.0,0.21428571428571427,0.0,1
59,0.10684238583413339,0.30434782608695654,0.6666666666666666,0.7777777777777777,0.25,0.07142857142857142,0.0,0
60,0.004621952421705909,0.7391304347826086,0.0,0.6666666666666666,0.5,0.14285714285714285,0.6666666666666666,0
61,0.026739636711149012,1.0,0.4444444444444444,0.6666666666666666,0.5,0.7857142857142857,0.0,0
62,0.04600603911674936,0.5217391304347826,0.4444444444444444,0.0,0.5,0.6428571428571428,0.0,0
63,0.07191810711552118,0.3913043478260869,0.2222222222222222,1.0,0.5,0.2857142857142857,0.0,0
64,0.08191234929678637,0.43478260869565216,0.1111111111111111,0.3333333333333333,0.5,0.7857142857142857,0.0,0
65,0.0891915633199947,0.6956521739130435,0.7777777777777777,1.0,0.0,0.7142857142857143,0.0,0
66,0.026328991841729682,0.5652173913043478,0.4444444444444444,0.0,0.5,0.8571428571428571,0.3333333333333333,0
67,0.023163761280960836,0.0,0.0,0.7777777777777777,0.0,0.9285714285714286,0.6666666666666666,1
68,0.09535625954011542,0.5217391304347826,0.2222222222222222,1.0,0.75,0.9285714285714286,0.0,0
69,0.031352798569900996,0.3913043478260869,0.1111111111111111,0.8888888888888888,0.25,0.14285714285714285,0.0,0
70,0.008522450783835662,0.6956521739130435,0.1111111111111111,0.6666666666666666,1.0,0.7857142857142857,0.0,0
71,0.010307562960837414,0.9130434782608695,0.5555555555555556,1.0,0.5,0.3571428571428571,0.3333333333333333,0
72,0.013513606849606657,1.0,0.1111111111111111,0.7777777777777777,0.25,0.4285714285714286,0.0,0
73,0.06552234466918286,0.6086956521739131,0.8888888888888888,0.4444444444444444,0.5,0.6428571428571428,0.0,0
74,0.04501710078443217,0.34782608695652173,0.8888888888888888,0.7777777777777777,0.75,0.6428571428571428,0.6666666666666666,0
75,0.0801667946530773,0.43478260869565216,0.1111111111111111,0.3333333333333333,0.5,0.4285714285714286,0.3333333333333333,0
76,0.0241030957223237,0.17391304347826086,0.2222222222222222,0.0,0.5,1.0,0.0,0
77,0.045799460887331986,0.9565217391304348,0.2222222222222222,0.5555555555555556,0.75,0.14285714285714285,0.0,0
78,0.07493201441401168,0.8695652173913043,1.0,0.6666666666666666,1.0,0.07142857142857142,0.0,0
79,0.027511950456387196,0.8695652173913043,0.6666666666666666,0.4444444444444444,0.25,0.0,0.0,0
80,0.06280480492171062,0.30434782608695654,0.1111111111111111,0.1111111111111111,0.25,0.8571428571428571,0.0,0
81,0.01840492723611515,0.30434782608695654,0.4444444444444444,0.7777777777777777,0.5,0.4285714285714286,0.0,0
82,0.025909556409356424,0.8695652173913043,0.3333333333333333,0.2222222222222222,1.0,0.4285714285714286,0.0,0
83,0.025371448377105105,0.5652173913043478,0.5555555555555556,0.7777777777777777,0.5,0.6428571428571428,0.0,0
84,0.00949192429818343,0.6956521739130435,0.4444444444444444,0.5555555555555556,0.5,0.4285714285714286,0.0,0
85,0.06482663440111466,0.4782608695652174,0.1111111111111111,0.5555555555555556,0.5,0.5714285714285714,0.0,0
86,0.02297853156157444,0.43478260869565216,0.8888888888888888,0.8888888888888888,0.5,0.0,0.3333333333333333,0
87,0.03914940001268353,0.6521739130434783,0.2222222222222222,0.1111111111111111,0.5,0.14285714285714285,0.0,0
88,0.06440468737932598,0.8260869565217391,0.4444444444444444,0.1111111111111111,0.25,0.9285714285714286,0.3333333333333333,0
89,0.06213295475308878,0.34782608695652173,0.8888888888888888,0.8888888888888888,0.5,0.4285714285714286,0.0,0
90,0.07810164025625746,0.8260869565217391,0.0,0.6666666666666666,0.5,0.14285714285714285,0.0,0
91,0.0347076541315332,0.21739130434782608,1.0,1.0,0.25,0.3571428571428571,0.0,0
92,0.024211094067186273,0.3913043478260869,0.4444444444444444,0.2222222222222222,0.5,0.3571428571428571,0.0,0
93,0.03542471290963239,0.9130434782608695,0.4444444444444444,0.5555555555555556,1.0,0.2857142857142857,0.0,0
94,0.0045874180672440396,0.9565217391304348,0.8888888888888888,0.6666666666666666,0.75,0.2857142857142857,0.0,0
95,0.006685223126464178,0.9565217391304348,0.8888888888888888,1.0,0.5,0.7142857142857143,0.0,0
96,0.00798685434099975,0.30434782608695654,0.7777777777777777,0.3333333333333333,0.75,0.07142857142857142,0.0,0
97,0.012267230602210074,0.8695652173913043,0.3333333333333333,0.1111111111111111,0.5,0.2857142857142857,0.0,0
98,0.059151070219644775,0.9565217391304348,0.0,0.6666666666666666,0.5,0.5,0.0,0
99,0.013747812562593519,1.0,0.5555555555555556,1.0,0.75,0.5714285714285714,0.0,0
100,0.02547379564578301,0.0,0.8888888888888888,0.7777777777777777,0.75,0.9285714285714286,0.0,0
101,0.14998709670937835,0.7391304347826086,0.8888888888888888,0.0,0.75,0.9285714285714286,0.0,0
102,0.026107344075819865,1.0,0.7777777777777777,0.5555555555555556,0.5,0.2857142857142857,0.0,0
103,0.08417780294948504,0.7826086956521738,0.1111111111111111,0.6666666666666666,0.75,0.5714285714285714,0.0,0
104,0.013279401136619792,0.21739130434782608,0.0,0.2222222222222222,0.5,0.0,0.0,0
105,0.030868689710080957,0.7826086956521738,0.2222222222222222,0.1111111111111111,0.5,0.6428571428571428,0.0,0
106,0.013011916863878762,0.08695652173913043,0.4444444444444444,0.2222222222222222,0.5,0.14285714285714285,0.0,0
107,0.02661594093244013,0.4782608695652174,0.8888888888888888,0.0,0.0,0.07142857142857142,0.0,0
108,0.09363142550908349,0.6521739130434783,0.1111111111111111,1.0,0.5,0.7142857142857143,0.0,0
109,0.004284771542687287,0.43478260869565216,0.4444444444444444,0.0,0.75,0.14285714285714285,0.0,0
110,0.06134745516341971,0.6956521739130435,0.8888888888888888,0.5555555555555556,0.25,0.5,1.0,1
111,0.0498330734884784,0.21739130434782608,0.1111111111111111,0.3333333333333333,0.75,0.07142857142857142,0.3333333333333333,0
112,0.0199156482694835,0.6086956521739131,0.2222222222222222,0.7777777777777777,0.75,0.7857142857142857,0.0,0
113,0.006695897381479665,0.6521739130434783,0.7777777777777777,0.5555555555555556,0.75,0.7857142857142857,0.0,0
114,0.041748267160277706,0.6521739130434783,0.2222222222222222,0.3333333333333333,0.5,0.5714285714285714,0.0,0
115,0.02145525258112905,0.2608695652173913,0.1111111111111111,0.7777777777777777,0.5,0.8571428571428571,0.0,0
116,0.04956558921573737,0.30434782608695654,0.1111111111111111,0.5555555555555556,0.25,0.4285714285714286,0.0,0
117,0.039547486935025813,0.2608695652173913,0.1111111111111111,0.1111111111111111,0.5,0.14285714285714285,0.0,0
118,0.20408736061463617,0.4782608695652174,0.4444444444444444,0.5555555555555556,0.5,0.14285714285714285,0.0,0
119,0.029734707089023912,0.6086956521739131,0.7777777777777777,0.2222222222222222,0.5,0.21428571428571427,0.0,0
120,0.011867887885160086,0.34782608695652173,0.8888888888888888,0.3333333333333333,0.5,0.21428571428571427,0.3333333333333333,0
121,0.0468248172661726,0.3913043478260869,0.1111111111111111,0.8888888888888888,0.5,0.2857142857142857,0.3333333333333333,0
122,0.04890127381536176,0.2608695652173913,0.6666666666666666,0.0,0.5,0.21428571428571427,0.0,0
123,0.15944950983193074,0.21739130434782608,0.8888888888888888,1.0,0.75,0.5714285714285714,0.0,0
124,0.0931297355233556,0.6521739130434783,0.4444444444444444,0.6666666666666666,0.5,0.14285714285714285,0.0,0
125,0.05653524984349659,0.8260869565217391,0.4444444444444444,0.0,0.0,0.6428571428571428,0.0,0
126,0.17728995734693279,0.2608695652173913,0.3333333333333333,0.8888888888888888,0.0,0.3571428571428571,0.3333333333333333,1
127,0.009581713619784292,0.8695652173913043,0.2222222222222222,0.8888888888888888,0.5,0.7142857142857143,0.0,0
128,0.018887780301227477,0.5652173913043478,0.1111111111111111,0.4444444444444444,0.75,0.5,0.0,0
129,0.013394934249728593,0.17391304347826086,0.7777777777777777,0.8888888888888888,0.25,0.9285714285714286,0.0,1
130,0.02514226584294906,0.34782608695652173,0.6666666666666666,0.0,1.0,0.4285714285714286,0.0,0
131,0.007402281904563369,0.0,0.6666666666666666,0.0,0.5,0.2857142857142857,0.0,0
132,0.07568235175186502,0.0,0.1111111111111111,0.5555555555555556,0.5,0.5714285714285714,0.0,0
133,0.03030232629690629,0.34782608695652173,0.4444444444444444,0.7777777777777777,0.5,0.6428571428571428,0.3333333333333333,0
134,0.0064554126949542805,0.43478260869565216,0.7777777777777777,0.4444444444444444,0.25,0.4285714285714286,0.0,0
135,0.011987188382392001,0.8260869565217391,1.0,0.0,0.0,0.5714285714285714,0.0,0
136,0.05400293981541074,0.13043478260869565,0.3333333333333333,0.3333333333333333,1.0,0.5,0.0,0
137,0.09342045199818916,0.8695652173913043,0.2222222222222222,0.3333333333333333,0.75,0.2857142857142857,0.0,0
138,0.3044504736543689,0.21739130434782608,0.4444444444444444,0.0,0.0,0.2857142857142857,0.0,0
139,0.7664818346156045,0.13043478260869565,0.2222222222222222,1.0,1.0,0.9285714285714286,0.0,1
140,0.06006968404833051,0.6956521739130435,0.7777777777777777,0.1111111111111111,0.5,0.7142857142857143,0.0,0
141,0.012386531099441989,0.7826086956521738,0.0,0.1111111111111111,0.75,0.07142857142857142,0.0,0
142,0.0018133675579251,0.6086956521739131,0.8888888888888888,0.0,0.5,1.0,0.0,0
143,0.05144488599581695,0.08695652173913043,0.7777777777777777,0.7777777777777777,0.5,0.7142857142857143,0.0,1
144,0.015384740964086156,0.08695652173913043,0.8888888888888888,0.5555555555555556,0.25,0.0,0.3333333333333333,1
145,0.024428974448972983,0.3913043478260869,0.0,0.2222222222222222,0.75,0.7142857142857143,0.3333333333333333,0
146,0.019505631297418023,0.43478260869565216,0.6666666666666666,0.3333333333333333,0.5,0.5714285714285714,0.0,0
147,0.033139794438964296,1.0,0.0,0.7777777777777777,0.25,0.9285714285714286,0.0,0
148,0.11813009656433404,0.2608695652173913,0.1111111111111111,1.0,0.5,0.5,0.0,0
149,0.04572662479428513,0.17391304347826086,0.4444444444444444,0.6666666666666666,0.5,0.5,1.0,1
150,0.03249808334332737,0.9565217391304348,0.1111111111111111,0.6666666666666666,0.5,0.2857142857142857,0.0,0
151,0.011686425549896805,0.13043478260869565,0.8888888888888888,0.5555555555555556,0.75,0.2857142857142857,0.0,0
152,0.0046859979517988315,0.0,0.8888888888888888,0.8888888888888888,0.75,0.6428571428571428,0.0,0
153,0.02254088710593947,0.43478260869565216,0.3333333333333333,0.5555555555555556,0.5,0.8571428571428571,0.3333333333333333,0
154,0.03643751134139595,0.3913043478260869,0.8888888888888888,0.4444444444444444,0.5,0.9285714285714286,0.0,0
155,0.24154394936133422,0.6086956521739131,0.2222222222222222,0.0,0.5,0.7857142857142857,0.0,0
156,0.044435667834765054,0.9130434782608695,0.7777777777777777,0.6666666666666666,0.5,0.6428571428571428,0.0,0
157,0.1084441519838103,0.9565217391304348,0.1111111111111111,0.3333333333333333,0.25,0.5,0.0,0
158,0.02220935730310552,0.2608695652173913,0.0,1.0,1.0,0.3571428571428571,0.3333333333333333,0
159,0.009630689613384763,1.0,0.0,0.2222222222222222,0.25,0.7857142857142857,0.0,0
160,0.01277017638264567,0.6521739130434783,0.8888888888888888,0.1111111111111111,0.5,0.2857142857142857,0.0,0
161,0.017083203306256307,0.043478260869565216,0.4444444444444444,0.0,0.25,0.2857142857142857,0.0,0
162,0.3477622052257386,0.9565217391304348,0.2222222222222222,0.2222222222222222,0.5,0.9285714285714286,0.0,0
163,0.015229022420330817,0.13043478260869565,0.5555555555555556,0.1111111111111111,0.5,0.5714285714285714,0.0,0
164,0.09345561425000487,0.6086956521739131,0.0,0.6666666666666666,0.75,0.3571428571428571,0.0,0
165,0.013791137480009319,0.7826086956521738,0.7777777777777777,0.5555555555555556,0.75,0.8571428571428571,0.6666666666666666,1
166,0.10287846983926457,0.21739130434782608,0.5555555555555556,0.4444444444444444,0.75,1.0,0.0,0
167,0.0582343400830206,0.2608695652173913,1.0,0.5555555555555556,0.75,0.2857142857142857,0.0,0
168,0.03256966364166652,0.4782608695652174,0.3333333333333333,0.8888888888888888,0.25,0.5,0.0,0
169,0.03695615455567786,0.9130434782608695,0.8888888888888888,0.8888888888888888,0.75,0.5,0.0,0
170,0.018559389985162787,0.21739130434782608,0.5555555555555556,0.6666666666666666,0.5,0.7142857142857143,0.0,0
171,0.06210281568010389,0.6521739130434783,0.4444444444444444,0.5555555555555556,0.5,1.0,0.0,0
172,0.02335778156330116,0.43478260869565216,0.8888888888888888,0.8888888888888888,0.5,0.5714285714285714,0.0,0
173,0.009121464859410644,0.08695652173913043,0.7777777777777777,0.8888888888888888,0.5,0.7857142857142857,0.0,1
174,0.008496706992327723,0.7391304347826086,0.1111111111111111,0.6666666666666666,0.5,0.5714285714285714,0.0,0
175,0.046492031668630945,0.8260869565217391,0.2222222222222222,0.2222222222222222,0.5,0.9285714285714286,0.0,0
176,0.1994390365040685,0.5652173913043478,0.8888888888888888,0.4444444444444444,0.75,0.4285714285714286,0.0,0
177,0.04587041328831728,0.17391304347826086,0.5555555555555556,0.8888888888888888,0.75,0.3571428571428571,0.0,0
178,0.03395229361484902,0.13043478260869565,0.7777777777777777,0.8888888888888888,0.25,0.4285714285714286,0.3333333333333333,1
179,0.05244261489108807,0.43478260869565216,1.0,0.4444444444444444,0.5,1.0,0.0,0
180,0.15102752262471142,0.5217391304347826,0.2222222222222222,0.1111111111111111,0.75,0.6428571428571428,0.0,0
181,0.04886987894766915,0.5652173913043478,1.0,0.0,0.5,0.14285714285714285,0.0,0
182,0.024551414432974157,0.21739130434782608,0.3333333333333333,0.3333333333333333,0.5,0.0,0.0,0
183,0.12311811314333579,0.5217391304347826,0.0,0.4444444444444444,0.5,0.5,0.0,0
184,0.06098264680083159,0.30434782608695654,0.6666666666666666,0.6666666666666666,0.5,0.8571428571428571,0.0,0
185,0.19084751701130906,0.6956521739130435,0.4444444444444444,0.6666666666666666,0.5,0.5,0.0,0
186,0.04702323282998989,0.8260869565217391,0.1111111111111111,1.0,0.75,0.5714285714285714,0.0,0
187,0.009135278601195392,0.6521739130434783,0.0,0.2222222222222222,0.75,0.7857142857142857,0.0,0
188,0.007492699123518085,0.0,0.3333333333333333,0.7777777777777777,1.0,0.5,0.0,0
189,0.21452678201978256,1.0,0.8888888888888888,0.2222222222222222,0.5,0.9285714285714286,0.0,0
190,0.23094943730978637,0.0,0.4444444444444444,0.8888888888888888,0.75,0.6428571428571428,0.0,0
191,0.031761559747258764,1.0,1.0,1.0,1.0,0.7142857142857143,0.0,0
192,0.025330635049104717,0.0,0.7777777777777777,0.4444444444444444,0.5,0.7857142857142857,0.0,1
193,0.1769546601599757,0.5217391304347826,0.4444444444444444,0.0,0.25,0.6428571428571428,0.0,0
194,0.010664836555179306,0.08695652173913043,0.8888888888888888,0.5555555555555556,0.25,0.0,0.0,0
195,0.013930530692564506,0.08695652173913043,0.7777777777777777,0.5555555555555556,0.5,0.4285714285714286,0.0,0
196,0.07632908602633276,0.6956521739130435,0.4444444444444444,0.4444444444444444,0.5,0.14285714285714285,0.3333333333333333,0
197,0.02500726791187084,0.7391304347826086,0.0,0.7777777777777777,0.25,0.5,0.0,0
198,0.03841099272455337,0.08695652173913043,0.1111111111111111,0.7777777777777777,0.5,0.14285714285714285,0.0,0
199,0.03232729526307958,1.0,0.7777777777777777,0.4444444444444444,0.5,0.5,0.3333333333333333,0
200,0.05539498824890103,0.30434782608695654,0.0,0.1111111111111111,0.5,0.3571428571428571,0.0,0
201,0.16749413072948488,0.30434782608695654,0.7777777777777777,0.0,0.0,0.0,0.0,0
202,0.04258462643560882,0.30434782608695654,0.1111111111111111,0.2222222222222222,0.5,0.07142857142857142,0.0,0
203,0.07637806201993325,0.4782608695652174,0.3333333333333333,0.0,0.5,0.5,0.0,0
204,0.0022359424770676192,0.17391304347826086,0.2222222222222222,0.7777777777777777,0.5,0.07142857142857142,0.0,0
205,0.03663843849462865,0.43478260869565216,0.1111111111111111,0.2222222222222222,0.75,0.8571428571428571,0.0,0
206,0.014832191292696237,0.21739130434782608,0.1111111111111111,0.2222222222222222,0.25,0.7857142857142857,0.0,0
207,0.009204975207472984,0.043478260869565216,0.4444444444444444,0.5555555555555556,0.75,0.7142857142857143,0.0,0
208,0.014215596091213391,0.34782608695652173,0.5555555555555556,0.6666666666666666,0.5,0.14285714285714285,0.0,0
209,0.02676224101588769,0.6956521739130435,0.0,0.1111111111111111,0.5,0.7857142857142857,0.0,0
210,0.10123023928540259,0.7826086956521738,0.3333333333333333,0.3333333333333333,0.25,0.6428571428571428,0.0,0
211,0.00794604101299936,0.34782608695652173,0.0,0.3333333333333333,0.5,0.3571428571428571,0.0,0
212,0.03992359744998327,0.30434782608695654,0.3333333333333333,0.5555555555555556,0.75,0.0,0.0,0
213,0.022596142073078463,0.7826086956521738,0.8888888888888888,0.3333333333333333,0.75,0.5,0.3333333333333333,0
214,0.026955633400874163,0.6956521739130435,0.8888888888888888,0.8888888888888888,0.25,0.7857142857142857,0.0,0
215,0.11070081507355503,0.8260869565217391,0.3333333333333333,0.4444444444444444,0.0,0.0,0.0,0
216,0.06839309137099503,0.9130434782608695,0.1111111111111111,0.2222222222222222,0.25,0.0,0.0,0
217,0.15594458680272785,0.8260869565217391,0.7777777777777777,0.5555555555555556,0.5,0.3571428571428571,0.0,0
218,0.03264563922148263,0.9565217391304348,0.2222222222222222,0.2222222222222222,0.25,0.5,0.0,0
219,0.017684101073892844,0.3913043478260869,1.0,0.2222222222222222,0.5,0.5,0.3333333333333333,0
220,0.03024769922712115,0.3913043478260869,0.3333333333333333,0.5555555555555556,0.75,0.4285714285714286,0.0,0
221,0.05008548822472698,0.30434782608695654,0.4444444444444444,0.5555555555555556,0.5,0.21428571428571427,0.0,0
222,0.04669044723244824,0.21739130434782608,0.5555555555555556,0.6666666666666666,0.5,0.0,0.6666666666666666,0
223,0.010981296821520804,0.7391304347826086,0.7777777777777777,0.3333333333333333,0.25,0.0,0.0,0
224,0.04258023115413185,0.7391304347826086,0.7777777777777777,0.8888888888888888,0.5,0.07142857142857142,0.3333333333333333,0
225,0.04933201140010436,0.8260869565217391,1.0,0.3333333333333333,0.5,0.7142857142857143,0.0,0
226,0.5146196480384173,0.17391304347826086,0.4444444444444444,1.0,1.0,0.7857142857142857,0.0,1
227,0.2696994946054199,0.4782608695652174,0.1111111111111111,0.7777777777777777,0.5,0.4285714285714286,0.3333333333333333,0
228,0.014653240546848367,0.21739130434782608,0.4444444444444444,0.1111111111111111,0.25,0.07142857142857142,0.0,0
229,0.028193219085316808,0.9130434782608695,0.4444444444444444,0.5555555555555556,0.5,0.4285714285714286,0.0,0
230,0.006526365095939577,0.2608695652173913,0.4444444444444444,1.0,0.5,1.0,0.0,0
231,0.019995391233422727,0.13043478260869565,0.5555555555555556,0.8888888888888888,0.5,0.21428571428571427,0.0,0
232,0.05412286820999651,0.5652173913043478,0.4444444444444444,0.1111111111111111,0.75,0.5,0.0,0
233,0.13633598033927807,0.9130434782608695,0.4444444444444444,0.0,0.0,0.5714285714285714,0.0,0
234,0.017005344034378637,0.9130434782608695,0.6666666666666666,0.2222222222222222,0.5,0.2857142857142857,0.0,0
235,0.018573203726947537,0.08695652173913043,0.3333333333333333,0.5555555555555556,0.0,0.4285714285714286,0.0,0
236,0.0017386477728166911,0.30434782608695654,0.2222222222222222,0.6666666666666666,0.25,0.5,0.0,0
237,0.03235492274664907,0.13043478260869565,0.3333333333333333,0.3333333333333333,0.25,0.5,0.0,0
238,0.011295245498446896,0.30434782608695654,0.7777777777777777,1.0,0.75,0.7142857142857143,0.0,0
239,0.021457136273190607,0.5217391304347826,0.3333333333333333,0.0,0.75,0.5714285714285714,0.0,0
240,0.014238200395952073,0.2608695652173913,0.8888888888888888,0.8888888888888888,0.75,0.0,0.0,0
241,0.0348677679567655,0.043478260869565216,0.0,0.8888888888888888,0.25,0.0,0.0,0
242,0.0040618679820697634,0.5217391304347826,0.8888888888888888,0.2222222222222222,0.25,0.4285714285714286,0.0,0
243,0.006491830741477706,0.043478260869565216,1.0,0.6666666666666666,0.5,0.9285714285714286,0.0,1
244,0.34803534057466423,0.21739130434782608,0.8888888888888888,0.0,0.5,0.0,0.0,0
245,0.00838682495540359,0.0,0.4444444444444444,0.4444444444444444,1.0,0.07142857142857142,0.0,0
246,0.010807369254503752,0.08695652173913043,0.2222222222222222,0.4444444444444444,0.5,0.7142857142857143,1.0,1
247,0.25901896061639434,0.43478260869565216,0.1111111111111111,0.1111111111111111,0.5,0.4285714285714286,0.3333333333333333,0
248,0.759742612316709,0.8695652173913043,0.4444444444444444,0.3333333333333333,0.5,0.21428571428571427,0.0,0
249,0.00980210559098641,0.7826086956521738,0.1111111111111111,0.2222222222222222,0.5,0.21428571428571427,0.6666666666666666,1
250,0.025758861044431904,0.08695652173913043,0.6666666666666666,0.6666666666666666,0.25,0.6428571428571428,0.3333333333333333,1
251,0.05562793816718019,0.0,1.0,0.5555555555555556,0.25,0.5,0.0,0
252,0.23213051223238232,0.34782608695652173,0.0,0.7777777777777777,0.5,0.6428571428571428,0.0,0
253,0.012427972324796232,0.6521739130434783,0.6666666666666666,0.6666666666666666,0.5,0.2857142857142857,0.0,0
254,0.029540058909329744,0.7391304347826086,0.4444444444444444,0.8888888888888888,0.5,0.5,0.0,0
255,0.08772542299874986,0.8260869565217391,0.2222222222222222,0.6666666666666666,0.5,0.8571428571428571,0.0,0
256,0.06136943157080454,0.34782608695652173,1.0,0.4444444444444444,0.75,0.2857142857142857,0.0,0
257,0.025531562202337415,0.17391304347826086,0.1111111111111111,0.2222222222222222,0.25,0.3571428571428571,0.0,0
258,0.033393464969920586,0.0,0.0,0.1111111111111111,0.25,0.14285714285714285,0.6666666666666666,1
259,0.007421118825178935,0.13043478260869565,0.7777777777777777,0.0,0.25,0.6428571428571428,0.0,0
260,0.02977363672496275,0.043478260869565216,0.1111111111111111,0.4444444444444444,0.0,0.0,0.0,0
261,0.02885753448569242,0.8695652173913043,0.3333333333333333,0.5555555555555556,0.75,0.21428571428571427,0.0,0
262,0.04953921752687558,0.2608695652173913,0.1111111111111111,0.6666666666666666,0.25,0.7142857142857143,0.0,0
263,0.020827983124630717,0.8260869565217391,0.3333333333333333,0.5555555555555556,0.25,0.0,0.0,0
264,0.06378558058842773,0.5652173913043478,0.3333333333333333,0.7777777777777777,0.5,1.0,0.0,0
265,0.11183982087344291,0.5217391304347826,0.3333333333333333,1.0,0.75,0.4285714285714286,0.0,0
266,0.04564750972769976,0.43478260869565216,0.3333333333333333,0.3333333333333333,0.5,0.3571428571428571,0.0,0
267,0.05623071962687828,0.8260869565217391,0.4444444444444444,0.4444444444444444,0.5,0.5714285714285714,0.0,0
268,0.04090437311670038,0.043478260869565216,0.0,0.6666666666666666,0.0,0.6428571428571428,0.0,0
269,0.03862824520898622,0.08695652173913043,0.0,0.0,0.75,0.4285714285714286,0.0,0
270,0.017157923091364716,0.43478260869565216,0.0,0.6666666666666666,0.5,0.9285714285714286,0.0,0
271,0.05417372789565853,0.3913043478260869,0.4444444444444444,0.7777777777777777,0.5,1.0,0.0,0
272,0.034752862741010554,0.5652173913043478,0.8888888888888888,0.4444444444444444,0.5,0.21428571428571427,0.0,0
273,0.33559104291866787,0.7391304347826086,0.8888888888888888,0.0,0.25,0.7142857142857143,0.0,0
274,0.1982805658862112,0.6086956521739131,0.4444444444444444,0.2222222222222222,0.5,0.2857142857142857,0.0,0
275,0.05828959505015959,0.2608695652173913,0.1111111111111111,0.6666666666666666,0.75,1.0,0.0,0
276,0.0163322380710491,0.30434782608695654,0.8888888888888888,0.0,0.75,0.21428571428571427,0.0,0
277,0.010591372564778602,0.7826086956521738,0.0,0.0,0.25,0.2857142857142857,0.0,0
278,0.13429908132338159,0.17391304347826086,0.1111111111111111,0.6666666666666666,0.25,0.7142857142857143,0.3333333333333333,1
279,0.051174890133660514,0.5217391304347826,0.6666666666666666,0.4444444444444444,0.5,0.7857142857142857,0.0,0
280,0.0643638740513256,0.5217391304347826,0.3333333333333333,0.2222222222222222,0.5,0.07142857142857142,0.0,0
281,0.004157308379855295,0.7826086956521738,0.2222222222222222,0.4444444444444444,0.75,0.5714285714285714,0.0,0
282,0.10244082538362959,0.7391304347826086,0.8888888888888888,0.1111111111111111,0.5,0.3571428571428571,0.0,0
283,0.06264971427530913,0.4782608695652174,0.8888888888888888,0.0,0.5,0.6428571428571428,0.0,0
284,0.010618372150994246,0.30434782608695654,0.3333333333333333,0.3333333333333333,0.5,0.5714285714285714,0.0,0
285,0.022923276594435448,0.34782608695652173,0.7777777777777777,0.5555555555555556,0.5,1.0,0.0,0
286,0.05122700561403025,0.3913043478260869,0.8888888888888888,0.7777777777777777,0.5,1.0,0.0,0
287,0.04087423404371548,0.21739130434782608,0.8888888888888888,0.3333333333333333,0.75,0.6428571428571428,0.0,0
288,0.02804315161774614,0.6521739130434783,0.3333333333333333,1.0,0.75,0.7142857142857143,0.0,0
289,0.03451865702802369,0.21739130434782608,0.0,0.6666666666666666,0.25,0.9285714285714286,0.0,0
290,0.029322178527543034,0.6521739130434783,0.4444444444444444,0.7777777777777777,0.75,0.14285714285714285,0.0,0
291,0.045508116515144574,0.7826086956521738,0.8888888888888888,0.5555555555555556,0.5,0.7142857142857143,0.0,0
292,0.17877367879408548,1.0,0.8888888888888888,0.4444444444444444,0.75,0.7857142857142857,0.0,0
293,6.781291421603533e-05,0.08695652173913043,0.7777777777777777,0.5555555555555556,0.25,0.07142857142857142,0.0,0
294,0.029816961642378556,0.7826086956521738,0.8888888888888888,0.2222222222222222,0.5,0.9285714285714286,0.3333333333333333,0
295,0.04668730774567897,0.08695652173913043,0.8888888888888888,0.1111111111111111,0.75,0.7142857142857143,0.0,0
296,0.05301086199632429,0.34782608695652173,0.5555555555555556,1.0,0.5,0.3571428571428571,0.0,0
297,0.025653374288984735,0.17391304347826086,0.8888888888888888,0.4444444444444444,0.5,0.5,0.0,0
298,0.00406940275031599,0.13043478260869565,0.4444444444444444,0.7777777777777777,0.5,0.5,0.0,0
299,0.054836787501326444,0.17391304347826086,0.1111111111111111,0.2222222222222222,0.5,0.9285714285714286,0.0,1
300,0.23181405196604082,0.043478260869565216,0.4444444444444444,0.3333333333333333,0.5,1.0,0.0,0
301,0.005868956566456342,0.8260869565217391,0.4444444444444444,0.3333333333333333,0.25,0.8571428571428571,0.0,0
302,0.09593455300301329,0.043478260869565216,0.8888888888888888,0.6666666666666666,0.75,0.6428571428571428,0.0,0
303,0.02692988960936622,0.3913043478260869,0.2222222222222222,0.2222222222222222,0.5,0.07142857142857142,0.0,0
304,0.036140515893023875,0.6956521739130435,0.0,0.3333333333333333,0.25,0.9285714285714286,0.0,0
305,0.011432755018940526,1.0,0.4444444444444444,0.7777777777777777,0.5,0.14285714285714285,0.3333333333333333,0
306,0.026752194658226053,0.8695652173913043,0.3333333333333333,0.1111111111111111,0.75,0.14285714285714285,0.0,0
307,0.15011204828279495,0.13043478260869565,0.4444444444444444,0.2222222222222222,0.5,0.07142857142857142,0.0,0
308,0.07165125074013401,1.0,0.7777777777777777,0.0,0.5,1.0,0.0,0
309,0.23298256894155975,0.6521739130434783,0.4444444444444444,0.4444444444444444,0.25,0.5,0.0,0
310,0.13242480772213283,0.17391304347826086,0.3333333333333333,0.1111111111111111,1.0,0.21428571428571427,0.0,0
311,0.06164884589326875,0.43478260869565216,1.0,0.8888888888888888,0.75,0.07142857142857142,0.0,0
312,0.23574280570909392,0.9565217391304348,0.3333333333333333,0.6666666666666666,0.25,0.4285714285714286,0.0,0
313,0.06164256691973024,0.3913043478260869,0.8888888888888888,0.6666666666666666,0.75,0.7142857142857143,0.0,0
314,0.0924465832023644,0.17391304347826086,0.2222222222222222,1.0,0.5,1.0,0.0,0
315,0.027906269994606363,0.9130434782608695,0.1111111111111111,0.5555555555555556,0.5,0.5714285714285714,0.0,0
316,0.04149836401344454,0.9565217391304348,0.7777777777777777,0.2222222222222222,0.5,0.6428571428571428,0.0,0
317,0.01765333410355409,1.0,0.8888888888888888,0.8888888888888888,0.5,0.8571428571428571,0.0,0
318,0.10921081465286381,0.9565217391304348,0.2222222222222222,0.0,0.5,0.9285714285714286,0.0,0
319,0.009715455756154807,0.8695652173913043,0.6666666666666666,0.5555555555555556,0.25,0.2857142857142857,0.0,0
320,0.0881819043750004,0.43478260869565216,0.5555555555555556,0.1111111111111111,0.5,1.0,0.3333333333333333,0
321,0.03137540287463967,0.17391304347826086,0.1111111111111111,0.1111111111111111,0.25,0.5,0.0,0
322,0.13159221583092487,0.6086956521739131,0.1111111111111111,0.5555555555555556,0.25,0.9285714285714286,0.0,0
323,0.0853519710011886,0.21739130434782608,0.1111111111111111,0.5555555555555556,1.0,0.07142857142857142,0.0,0
324,0.2547888161434922,0.4782608695652174,0.1111111111111111,0.4444444444444444,1.0,0.07142857142857142,0.0,0
325,0.0835913468209871,0.6521739130434783,0.3333333333333333,1.0,0.5,0.9285714285714286,0.0,0
326,0.0055317756874377205,0.9565217391304348,0.5555555555555556,0.8888888888888888,0.5,0.7142857142857143,0.3333333333333333,1
327,0.03592012392182176,0.2608695652173913,0.5555555555555556,0.6666666666666666,0.25,0.14285714285714285,0.0,0
328,0.009796454514801739,0.2608695652173913,0.8888888888888888,0.8888888888888888,0.25,0.9285714285714286,0.0,0
329,0.021732783211531714,0.7391304347826086,0.3333333333333333,0.5555555555555556,0.5,0.07142857142857142,0.0,0
330,0.1861477053177255,0.0,0.6666666666666666,0.5555555555555556,0.5,0.7142857142857143,0.0,1
331,0.0758700930606668,0.5652173913043478,0.7777777777777777,0.7777777777777777,1.0,0.21428571428571427,0.0,0
332,0.01762193923586148,0.7391304347826086,0.1111111111111111,0.7777777777777777,0.25,0.07142857142857142,0.0,0
333,0.01201544376331535,0.5652173913043478,0.8888888888888888,0.4444444444444444,0.5,0.8571428571428571,0.0,0
334,0.04001652625835339,0.3913043478260869,0.6666666666666666,1.0,0.5,0.8571428571428571,0.0,0
335,0.009233230588396332,0.8260869565217391,1.0,0.6666666666666666,0.75,0.07142857142857142,0.0,0
336,0.018207139569651715,0.34782608695652173,0.8888888888888888,0.3333333333333333,0.5,0.07142857142857142,0.0,0
337,0.053916917877933,0.7391304347826086,0.5555555555555556,0.5555555555555556,0.75,0.6428571428571428,0.0,0
338,0.12946176010930438,0.4782608695652174,0.5555555555555556,0.4444444444444444,0.5,0.0,0.0,0
339,0.0736291274047684,0.0,0.7777777777777777,0.3333333333333333,0.25,0.7857142857142857,0.0,1
340,0.0010843787301027174,0.5217391304347826,0.2222222222222222,1.0,0.5,0.9285714285714286,0.0,0
341,0.053483040806421134,0.043478260869565216,0.1111111111111111,0.0,0.5,0.7857142857142857,0.0,1
342,0.04174387187880075,0.9565217391304348,1.0,0.4444444444444444,0.75,0.21428571428571427,0.0,0
343,0.060036405488576354,0.6086956521739131,0.3333333333333333,0.5555555555555556,0.25,0.14285714285714285,0.0,0
344,0.20710001211841894,0.34782608695652173,0.3333333333333333,0.6666666666666666,0.0,0.7142857142857143,0.0,0
345,0.0021662458707900267,0.4782608695652174,0.8888888888888888,0.2222222222222222,0.5,0.0,0.0,0
346,0.019985972773114945,0.6086956521739131,0.3333333333333333,0.6666666666666666,0.75,0.5714285714285714,0.0,0
347,0.07227098542838611,0.2608695652173913,0.8888888888888888,0.1111111111111111,0.75,0.4285714285714286,0.0,0
348,0.005448893236729233,0.2608695652173913,0.0,0.4444444444444444,0.25,0.7857142857142857,0.0,0
349,0.1795861779699702,0.43478260869565216,1.0,0.7777777777777777,0.5,0.21428571428571427,0.3333333333333333,0
350,0.057224681138026284,0.2608695652173913,1.0,0.5555555555555556,1.0,0.7857142857142857,0.0,1
351,0.0942404859423201,0.7826086956521738,0.4444444444444444,0.8888888888888888,0.25,0.7142857142857143,0.0,0
352,0.02045689578850408,0.08695652173913043,0.4444444444444444,1.0,0.75,0.21428571428571427,0.0,0
353,0.09109660389158222,0.8260869565217391,0.6666666666666666,0.2222222222222222,0.5,0.3571428571428571,0.0,0
354,0.11843274308889082,0.34782608695652173,0.8888888888888888,0.6666666666666666,0.5,0.0,1.0,1
355,0.049576263470752856,0.5652173913043478,0.1111111111111111,0.2222222222222222,0.5,0.4285714285714286,0.0,0
356,0.049656634332045944,0.13043478260869565,0.2222222222222222,0.5555555555555556,1.0,0.21428571428571427,0.0,0
357,0.0515886744898491,0.3913043478260869,0.3333333333333333,0.1111111111111111,0.0,0.07142857142857142,0.0,0
358,0.014474289801000493,0.7826086956521738,0.4444444444444444,1.0,0.5,0.5714285714285714,0.0,0
359,0.03289617026566965,0.2608695652173913,1.0,0.5555555555555556,0.75,0.5714285714285714,0.0,0
360,0.03271659162246793,0.13043478260869565,0.4444444444444444,0.8888888888888888,0.75,0.07142857142857142,0.0,0
361,0.05813889968523506,0.5217391304347826,0.0,0.2222222222222222,0.5,0.14285714285714285,0.0,0
362,0.11036677368130568,0.13043478260869565,0.1111111111111111,0.6666666666666666,0.5,0.07142857142857142,0.0,0
363,0.011351128362939741,0.30434782608695654,0.4444444444444444,0.4444444444444444,1.0,0.7142857142857143,0.3333333333333333,0
364,0.033716832107154454,0.43478260869565216,0.4444444444444444,0.4444444444444444,0.25,0.3571428571428571,0.0,0
365,0.18059520901761067,0.5652173913043478,0.3333333333333333,0.8888888888888888,0.5,0.07142857142857142,0.0,0
366,0.016715255456898927,0.6521739130434783,0.4444444444444444,0.0,0.75,0.14285714285714285,0.0,0
367,0.015213324986484512,0.6956521739130435,0.6666666666666666,1.0,0.25,1.0,0.0,0
368,0.04798893896021454,0.8695652173913043,0.4444444444444444,0.0,0.75,0.21428571428571427,0.3333333333333333,0
369,0.09402637294465652,0.043478260869565216,0.3333333333333333,0.4444444444444444,0.75,0.7142857142857143,0.0,0
370,0.03910481930056002,0.34782608695652173,0.8888888888888888,0.4444444444444444,0.75,0.5,0.0,0
371,0.15460842123373042,0.0,0.8888888888888888,0.4444444444444444,0.25,0.14285714285714285,0.3333333333333333,1
372,0.09524009852965276,0.0,0.4444444444444444,0.8888888888888888,0.5,0.2857142857142857,0.0,0
373,0.09377772559253103,0.21739130434782608,0.2222222222222222,0.5555555555555556,0.25,0.0,0.0,0
374,0.06954653881002149,0.6086956521739131,0.7777777777777777,0.2222222222222222,0.5,0.7857142857142857,0.0,0
375,0.42510283388912723,0.9130434782608695,0.4444444444444444,0.6666666666666666,1.0,0.3571428571428571,0.0,0
376,0.03087810817038874,0.7826086956521738,0.4444444444444444,0.7777777777777777,0.5,0.5,0.0,0
377,0.0024927524947931613,0.6521739130434783,0.7777777777777777,0.0,0.25,0.14285714285714285,0.0,0
378,0.20460098065008728,0.7826086956521738,0.3333333333333333,0.0,0.5,0.8571428571428571,0.3333333333333333,0
379,0.023286201264962014,0.17391304347826086,0.4444444444444444,0.1111111111111111,0.5,0.21428571428571427,0.0,0
380,0.043382056075001084,0.8695652173913043,0.1111111111111111,0.2222222222222222,0.5,0.5714285714285714,0.0,0
381,0.15157567701462438,0.9130434782608695,0.0,0.3333333333333333,0.25,0.9285714285714286,0.0,0
382,0.005273709875004475,0.08695652173913043,0.0,0.5555555555555556,0.75,0.7142857142857143,0.0,0
383,0.008806260387776849,0.4782608695652174,0.3333333333333333,0.3333333333333333,0.5,0.6428571428571428,0.3333333333333333,0
384,0.005281872540604552,0.8260869565217391,0.5555555555555556,0.6666666666666666,0.75,0.9285714285714286,0.0,0
385,0.01573699137959723,0.4782608695652174,0.8888888888888888,0.1111111111111111,0.75,0.14285714285714285,0.0,0
386,0.06168400814508449,0.8695652173913043,1.0,0.1111111111111111,0.5,1.0,0.0,1
387,0.067403525141324,0.9565217391304348,0.8888888888888888,0.6666666666666666,1.0,0.5714285714285714,0.0,0
388,0.051914553216498384,0.4782608695652174,1.0,0.4444444444444444,0.5,0.4285714285714286,0.3333333333333333,0
389,0.007028682979021322,0.043478260869565216,0.1111111111111111,0.5555555555555556,0.5,0.21428571428571427,0.0,0
390,0.001005891560871195,0.34782608695652173,0.4444444444444444,0.5555555555555556,0.25,0.7857142857142857,0.0,0
391,0.04095774439177781,0.21739130434782608,1.0,1.0,0.5,1.0,0.0,0
392,0.02291699762089693,0.4782608695652174,0.0,0.3333333333333333,0.75,0.7142857142857143,0.0,0
393,0.06297747669401998,0.6086956521739131,0.4444444444444444,0.2222222222222222,0.75,0.0,0.0,0
394,0.08112747760447114,0.4782608695652174,0.8888888888888888,0.1111111111111111,0.75,0.5,0.0,0
395,0.04481617363119947,0.17391304347826086,0.3333333333333333,0.4444444444444444,0.25,0.7142857142857143,0.0,1
396,0.08617577232944268,0.30434782608695654,0.3333333333333333,1.0,0.25,0.3571428571428571,0.0,0
397,0.04938349898312024,0.6956521739130435,0.2222222222222222,0.6666666666666666,0.0,0.7857142857142857,0.0,0
398,0.06781919318957413,0.0,0.2222222222222222,0.4444444444444444,0.5,0.7142857142857143,0.0,0
399,0.01750326663598342,0.21739130434782608,0.0,0.2222222222222222,0.5,0.07142857142857142,0.0,0
400,0.031758420260489494,0.9130434782608695,0.4444444444444444,0.4444444444444444,0.25,0.5714285714285714,0.0,0
401,0.04770701304833491,0.08695652173913043,0.8888888888888888,0.0,0.5,0.14285714285714285,0.0,0
402,0.09173580339780374,0.3913043478260869,0.3333333333333333,0.3333333333333333,0.5,0.5,0.0,0
403,0.02503175590867108,0.17391304347826086,0.1111111111111111,0.1111111111111111,0.5,0.3571428571428571,0.0,0
404,0.06719066793836811,0.08695652173913043,0.4444444444444444,1.0,0.25,0.8571428571428571,0.0,1
405,0.028875115611600284,0.43478260869565216,0.1111111111111111,0.4444444444444444,0.5,0.9285714285714286,0.3333333333333333,1
406,0.03399310694284941,0.5217391304347826,0.8888888888888888,0.2222222222222222,0.5,0.4285714285714286,0.0,0
407,0.09259288328581197,0.17391304347826086,0.8888888888888888,0.3333333333333333,0.5,0.5714285714285714,0.0,0
408,0.0025517748460552664,0.043478260869565216,0.4444444444444444,1.0,0.5,0.6428571428571428,0.6666666666666666,1
409,0.008282593994664128,0.13043478260869565,0.6666666666666666,0.4444444444444444,0.75,0.6428571428571428,0.0,1
410,0.006346786452737854,0.6521739130434783,0.7777777777777777,0.8888888888888888,0.5,0.6428571428571428,0.0,0
411,0.000909195368377959,0.8695652173913043,0.1111111111111111,1.0,1.0,0.7857142857142857,0.0,0
412,0.018055816307373337,0.17391304347826086,0.7777777777777777,0.6666666666666666,0.75,1.0,0.0,1
413,0.08522513573571047,0.30434782608695654,0.4444444444444444,0.5555555555555556,0.5,0.8571428571428571,0.0,0
414,0.02827107835719448,0.34782608695652173,0.7777777777777777,0.4444444444444444,0.75,0.14285714285714285,0.0,0
415,0.04775850063135079,0.34782608695652173,0.5555555555555556,0.1111111111111111,1.0,0.5,0.0,0
416,0.12098137844817683,0.21739130434782608,0.4444444444444444,0.2222222222222222,0.25,0.4285714285714286,0.0,0
417,0.1544074940804977,0.043478260869565216,0.2222222222222222,0.3333333333333333,0.5,0.5,0.0,0
418,0.03583472988169786,0.5217391304347826,0.5555555555555556,0.5555555555555556,0.5,0.5,0.6666666666666666,1
419,0.15854094236090663,0.34782608695652173,0.7777777777777777,0.6666666666666666,0.0,0.7142857142857143,0.0,0
420,0.042654950939240266,0.34782608695652173,0.5555555555555556,0.0,0.75,0.4285714285714286,0.0,0
421,0.014937678048143402,0.2608695652173913,0.3333333333333333,0.3333333333333333,0.75,0.21428571428571427,0.3333333333333333,0
422,0.019909997193298827,0.9565217391304348,0.4444444444444444,0.1111111111111111,0.75,0.4285714285714286,0.0,0
423,0.006362483886584157,0.6086956521739131,0.6666666666666666,0.2222222222222222,0.5,0.8571428571428571,0.0,0
424,0.014042924318904044,0.43478260869565216,0.3333333333333333,0.3333333333333333,0.75,0.2857142857142857,0.0,0
425,0.026055856492803987,0.17391304347826086,0.3333333333333333,0.1111111111111111,0.25,0.0,0.0,1
426,0.0901421999137269,0.8260869565217391,0.8888888888888888,0.3333333333333333,0.75,1.0,0.0,0
427,0.23027256396233373,0.9130434782608695,0.3333333333333333,0.0,0.5,0.14285714285714285,0.0,0
428,0.00734451534800897,0.0,0.4444444444444444,0.8888888888888888,0.5,0.6428571428571428,0.0,0
429,0.058719704737548326,0.9565217391304348,0.0,1.0,0.75,0.8571428571428571,0.0,0
430,0.011614217354203805,0.6956521739130435,0.4444444444444444,0.8888888888888888,0.75,0.2857142857142857,0.0,0
431,0.06399718199667592,0.08695652173913043,0.0,0.2222222222222222,0.25,0.3571428571428571,0.0,0
432,0.03349330064918307,0.7826086956521738,0.6666666666666666,1.0,0.5,0.2857142857142857,0.0,0
433,0.003553899022803348,0.08695652173913043,0.8888888888888888,0.3333333333333333,0.5,0.14285714285714285,0.0,0
434,0.10253187049993817,0.043478260869565216,0.8888888888888888,0.4444444444444444,0.0,0.14285714285714285,0.0,0
435,0.019667000917358037,0.08695652173913043,1.0,0.5555555555555556,0.5,0.14285714285714285,0.0,0
436,0.021347254236266475,0.4782608695652174,0.5555555555555556,0.1111111111111111,0.5,0.4285714285714286,0.0,0
437,0.01118975874299973,0.6086956521739131,0.0,1.0,0.25,0.5,0.0,0
438,0.018570064240178274,0.3913043478260869,1.0,0.4444444444444444,0.5,0.0,0.3333333333333333,0
439,0.060927391833692605,0.08695652173913043,0.4444444444444444,0.5555555555555556,0.25,0.8571428571428571,0.0,1
440,0.03142375097088629,0.17391304347826086,0.1111111111111111,0.0,0.5,0.7142857142857143,0.0,1
441,0.054875089239911426,0.8695652173913043,0.8888888888888888,0.3333333333333333,0.75,0.07142857142857142,0.0,0
442,0.05683726847069949,1.0,0.7777777777777777,0.8888888888888888,0.75,0.8571428571428571,0.0,0
443,0.15330427842977945,0.7826086956521738,0.0,0.5555555555555556,0.75,0.0,0.0,0
444,0.026504175203454442,0.08695652173913043,0.1111111111111111,0.4444444444444444,0.25,0.5714285714285714,0.3333333333333333,1
445,0.006397646138399878,0.8260869565217391,0.6666666666666666,0.7777777777777777,0.5,0.4285714285714286,0.3333333333333333,0
446,0.11828079192925858,0.6956521739130435,1.0,0.4444444444444444,0.75,0.5,0.0,0
447,0.026841356082473067,0.5217391304347826,0.6666666666666666,0.7777777777777777,0.75,1.0,0.0,0
448,0.12417109700574591,0.13043478260869565,0.1111111111111111,0.4444444444444444,0.25,0.9285714285714286,0.0,1
449,0.05813827178788121,1.0,0.3333333333333333,0.4444444444444444,1.0,0.2857142857142857,0.0,0
450,0.03349141695712152,0.43478260869565216,0.7777777777777777,0.0,0.75,0.5714285714285714,0.0,0
451,0.05605428047044582,0.043478260869565216,0.1111111111111111,0.7777777777777777,1.0,1.0,0.0,1
452,0.290704544783837,0.21739130434782608,0.0,0.3333333333333333,0.75,0.7142857142857143,0.0,0
453,0.33015156814224644,0.3913043478260869,0.5555555555555556,0.8888888888888888,0.5,0.9285714285714286,0.3333333333333333,0
454,0.04162519927892268,0.043478260869565216,0.4444444444444444,0.7777777777777777,0.25,0.4285714285714286,0.0,0
455,0.04588045964597892,0.30434782608695654,0.4444444444444444,0.1111111111111111,0.25,0.2857142857142857,0.0,0
456,0.11938086809320761,0.4782608695652174,0.0,0.4444444444444444,0.5,0.5,0.3333333333333333,0
457,0.014788866375280433,0.9565217391304348,1.0,0.6666666666666666,0.75,0.8571428571428571,0.0,0
458,0.05513189925763696,0.08695652173913043,0.4444444444444444,1.0,0.25,0.9285714285714286,0.0,1
459,0.0375583081180221,0.5652173913043478,0.8888888888888888,1.0,0.5,0.7142857142857143,0.0,0
460,0.05402554412014942,0.9130434782608695,0.2222222222222222,0.4444444444444444,0.75,0.7142857142857143,0.0,0
461,0.015010514141190257,0.8260869565217391,0.1111111111111111,0.8888888888888888,0.75,0.5,0.0,0
462,0.005381080322513197,0.9565217391304348,1.0,0.4444444444444444,0.75,0.2857142857142857,0.0,0
463,0.0021147582877741487,0.17391304347826086,0.6666666666666666,0.0,0.5,0.4285714285714286,0.0,0
464,0.010522931753208713,0.8260869565217391,0.8888888888888888,1.0,0.75,0.5,0.0,0
465,0.02326045747345407,1.0,0.6666666666666666,0.7777777777777777,0.5,0.8571428571428571,0.0,0
466,0.028011756750053532,0.30434782608695654,0.8888888888888888,1.0,0.25,0.5714285714285714,0.0,0
467,0.28668286223241374,0.4782608695652174,0.5555555555555556,0.5555555555555556,0.5,0.7857142857142857,0.0,0
468,0.12308106719945852,0.5217391304347826,0.0,0.5555555555555556,0.25,0.0,0.0,0
469,0.012818524478892292,0.4782608695652174,0.4444444444444444,0.8888888888888888,0.75,0.7857142857142857,0.0,0
470,0.055990862837706754,0.2608695652173913,0.7777777777777777,0.2222222222222222,0.25,0.5,0.0,0
471,0.024658156983129027,1.0,0.8888888888888888,0.1111111111111111,0.25,1.0,0.0,0
472,0.028287403688394636,0.9565217391304348,0.4444444444444444,0.2222222222222222,0.75,0.5,0.0,0
473,0.047128091688083205,0.3913043478260869,0.4444444444444444,0.3333333333333333,1.0,0.5,0.0,0
474,0.07443283601769918,0.8260869565217391,0.0,0.2222222222222222,0.5,0.07142857142857142,0.0,0
475,0.026609034061547757,0.3913043478260869,0.4444444444444444,0.5555555555555556,0.0,0.8571428571428571,0.0,0
476,0.11787203075190081,0.8260869565217391,0.1111111111111111,0.1111111111111111,0.75,0.7142857142857143,0.0,0
477,0.01019140195037476,0.6086956521739131,0.4444444444444444,1.0,0.0,0.8571428571428571,0.0,1
478,0.03889007840554258,0.4782608695652174,0.8888888888888888,0.2222222222222222,0.0,0.07142857142857142,0.0,0
479,0.5578541482352631,0.13043478260869565,0.8888888888888888,0.3333333333333333,0.75,0.21428571428571427,0.0,0
480,0.04906201553794792,0.6521739130434783,0.8888888888888888,0.7777777777777777,0.75,0.9285714285714286,0.0,0
481,0.17194215558417375,0.30434782608695654,0.1111111111111111,0.6666666666666666,0.25,0.0,0.0,0
482,0.04262732345567077,0.21739130434782608,0.4444444444444444,0.7777777777777777,0.5,0.5,0.0,0
483,0.07151060173287113,0.17391304347826086,0.3333333333333333,0.7777777777777777,0.25,0.4285714285714286,0.0,0
484,0.03631946663887174,1.0,1.0,0.4444444444444444,0.75,1.0,0.0,0
485,0.032081159500369515,0.08695652173913043,0.0,0.4444444444444444,0.25,0.8571428571428571,0.3333333333333333,1
486,0.016015149907353747,0.8260869565217391,0.4444444444444444,0.1111111111111111,0.75,0.9285714285714286,0.0,0
487,0.06108185458274023,0.8695652173913043,0.4444444444444444,0.2222222222222222,0.5,0.2857142857142857,0.3333333333333333,0
488,0.014683379619833271,0.0,0.1111111111111111,0.4444444444444444,0.5,0.5714285714285714,0.0,0
489,0.07811796558745762,0.6086956521739131,0.8888888888888888,0.1111111111111111,0.25,0.7142857142857143,0.0,0
490,0.12049413010158752,0.5652173913043478,0.8888888888888888,0.0,0.5,1.0,0.0,0
491,0.0571141712037483,0.34782608695652173,0.2222222222222222,0.1111111111111111,0.5,0.0,0.0,0
492,0.028228381337132534,0.6956521739130435,1.0,0.3333333333333333,0.5,1.0,0.0,0
493,0.06261957520232422,0.3913043478260869,0.3333333333333333,0.1111111111111111,0.75,0.3571428571428571,0.0,0
494,0.02753267106906432,0.43478260869565216,0.3333333333333333,1.0,0.25,0.07142857142857142,0.0,0
495,0.10330041686105323,0.43478260869565216,0.4444444444444444,0.7777777777777777,0.5,0.6428571428571428,0.0,0
496,0.0035507595360340875,0.8260869565217391,0.8888888888888888,0.2222222222222222,0.5,0.7857142857142857,0.3333333333333333,0
497,0.026717660303764185,0.6521739130434783,1.0,0.6666666666666666,0.25,0.07142857142857142,0.0,0
498,0.002564960690486162,0.3913043478260869,0.8888888888888888,0.6666666666666666,0.5,0.0,0.0,0
499,0.006225602263444381,0.9565217391304348,0.4444444444444444,0.2222222222222222,0.75,0.9285714285714286,0.0,0
500,0.16021114932215344,0.8260869565217391,0.2222222222222222,0.3333333333333333,0.75,1.0,0.0,0
501,0.09909036510347435,0.9565217391304348,0.7777777777777777,0.7777777777777777,0.5,0.14285714285714285,0.3333333333333333,0
502,0.017199992214072816,0.7391304347826086,0.4444444444444444,0.2222222222222222,0.25,0.9285714285714286,0.0,0
503,0.0061559056571667894,0.3913043478260869,0.3333333333333333,0.7777777777777777,0.5,0.9285714285714286,0.3333333333333333,0
504,0.0,0.7826086956521738,0.2222222222222222,0.3333333333333333,0.5,1.0,0.0,0
505,0.021113676420633463,0.30434782608695654,0.1111111111111111,0.4444444444444444,0.75,0.21428571428571427,0.0,0
506,0.46672803316804984,0.2608695652173913,0.2222222222222222,0.4444444444444444,0.25,0.5714285714285714,0.0,1
507,0.06137696633905076,0.43478260869565216,0.3333333333333333,0.8888888888888888,0.75,1.0,0.0,0
508,0.02072689165066052,1.0,0.7777777777777777,0.0,0.5,0.9285714285714286,0.0,0
509,0.06335484300368513,0.5652173913043478,0.5555555555555556,0.6666666666666666,0.5,0.6428571428571428,0.0,0
510,0.005628471879930956,0.3913043478260869,0.4444444444444444,0.4444444444444444,0.25,0.14285714285714285,1.0,1
511,0.027883037792513832,0.4782608695652174,0.8888888888888888,0.5555555555555556,0.25,0.07142857142857142,0.0,0
512,0.042992759715612734,0.2608695652173913,0.3333333333333333,0.3333333333333333,0.0,0.21428571428571427,0.0,0
513,0.035179205044276185,0.6521739130434783,0.4444444444444444,1.0,0.5,0.0,0.0,0
514,0.08895735760700785,0.34782608695652173,1.0,0.0,0.75,0.14285714285714285,0.6666666666666666,1
515,0.055810028399797325,0.5652173913043478,0.5555555555555556,0.3333333333333333,0.75,0.07142857142857142,0.0,0
516,0.07834086914807517,0.34782608695652173,0.4444444444444444,0.2222222222222222,0.25,0.7857142857142857,0.0,0
517,0.0178423312070636,0.30434782608695654,0.8888888888888888,0.8888888888888888,0.5,0.5714285714285714,0.0,0
518,0.09935910517092308,1.0,0.6666666666666666,0.5555555555555556,0.25,0.5,0.0,0
519,0.2097924359717371,0.34782608695652173,1.0,0.5555555555555556,0.5,0.8571428571428571,0.0,1
520,0.012690433418706445,0.043478260869565216,0.8888888888888888,1.0,0.75,0.4285714285714286,0.0,0
521,0.014050459087150267,0.3913043478260869,0.5555555555555556,0.4444444444444444,0.25,0.4285714285714286,0.0,0
522,0.15568840468235617,0.5217391304347826,0.8888888888888888,0.4444444444444444,0.75,0.21428571428571427,0.0,0
523,0.03135154277519328,0.08695652173913043,0.4444444444444444,0.7777777777777777,0.25,0.4285714285714286,0.0,0
524,0.1668706286571097,0.30434782608695654,0.4444444444444444,0.5555555555555556,0.25,0.14285714285714285,0.0,0
525,0.023689939263488967,0.13043478260869565,0.7777777777777777,0.6666666666666666,0.75,0.5714285714285714,0.0,0
526,0.1758062358997801,0.5217391304347826,0.1111111111111111,0.4444444444444444,0.25,1.0,0.0,0
527,0.04449343439131945,0.7391304347826086,0.8888888888888888,0.7777777777777777,0.75,0.5,0.0,0
528,0.050930010165658166,1.0,0.4444444444444444,0.3333333333333333,0.5,0.2857142857142857,0.0,0
529,0.19654819708693305,0.3913043478260869,0.8888888888888888,0.3333333333333333,0.0,0.7142857142857143,0.3333333333333333,0
530,0.025946602353233705,0.8695652173913043,0.7777777777777777,0.6666666666666666,0.75,0.8571428571428571,0.0,0
531,0.013156333255264763,0.21739130434782608,0.8888888888888888,0.8888888888888888,0.75,0.5,0.0,0
532,0.023528569643548956,0.7826086956521738,0.5555555555555556,1.0,0.25,0.21428571428571427,0.0,0
533,0.06251283265216936,0.5652173913043478,0.1111111111111111,0.0,0.75,0.7142857142857143,0.0,0
534,0.00558640275722286,0.7826086956521738,0.8888888888888888,0.7777777777777777,0.5,0.14285714285714285,0.0,0
535,0.075865069881836,0.7826086956521738,0.6666666666666666,1.0,0.75,1.0,0.0,0
536,0.02122858163638841,0.5217391304347826,0.8888888888888888,0.0,0.5,0.2857142857142857,0.0,0
537,0.1284715659822795,0.2608695652173913,0.1111111111111111,0.4444444444444444,0.5,0.3571428571428571,0.0,0
538,0.000671222271267982,0.5217391304347826,0.6666666666666666,0.7777777777777777,0.5,0.7142857142857143,0.0,0
539,0.015880151976275528,0.8260869565217391,0.8888888888888888,0.1111111111111111,0.5,0.0,0.6666666666666666,0
540,0.0045943249381364135,1.0,0.3333333333333333,0.2222222222222222,0.5,0.21428571428571427,0.0,0
541,0.015140488893437658,0.9565217391304348,0.5555555555555556,0.2222222222222222,0.75,0.07142857142857142,0.0,0
542,0.05036176306042194,0.17391304347826086,0.4444444444444444,0.7777777777777777,0.5,0.3571428571428571,0.0,0
543,0.03177160610492039,0.6086956521739131,1.0,0.6666666666666666,0.75,0.5714285714285714,0.0,0
544,0.02927696991806568,0.08695652173913043,0.4444444444444444,0.4444444444444444,0.5,0.14285714285714285,0.0,0
545,0.03247861852535795,0.6956521739130435,0.8888888888888888,0.3333333333333333,0.75,0.3571428571428571,0.0,0
546,0.04804419392735353,1.0,0.1111111111111111,0.3333333333333333,0.75,0.7857142857142857,0.0,1
547,0.012093930932546872,0.043478260869565216,0.0,0.1111111111111111,0.5,1.0,0.0,0
548,0.08154126196065972,0.6521739130434783,0.4444444444444444,0.8888888888888888,0.75,0.0,0.0,0
549,0.07788124828505535,0.9565217391304348,0.0,0.1111111111111111,0.75,0.6428571428571428,0.3333333333333333,0
550,0.05823999115920526,0.8695652173913043,0.1111111111111111,1.0,0.75,0.0,0.0,0
551,0.06972297796645396,0.3913043478260869,1.0,1.0,0.5,0.5,0.0,0
552,0.053034722095770676,0.08695652173913043,1.0,0.2222222222222222,0.25,0.9285714285714286,0.0,1
553,0.31647282428857665,0.9565217391304348,0.0,0.5555555555555556,0.75,0.7857142857142857,0.3333333333333333,0
554,0.0351409033056912,0.9565217391304348,0.8888888888888888,0.2222222222222222,0.5,0.21428571428571427,0.0,0
555,0.027581647062664784,0.5652173913043478,1.0,0.7777777777777777,0.75,0.21428571428571427,0.0,0
556,0.016518723585143197,1.0,0.6666666666666666,0.0,0.5,0.7857142857142857,0.0,0
557,0.011736657338204979,0.0,0.3333333333333333,1.0,0.75,0.8571428571428571,0.0,0
558,0.008892282325254597,0.6086956521739131,0.1111111111111111,0.0,0.5,0.2857142857142857,0.0,0
559,0.014031622166534707,0.0,0.7777777777777777,1.0,0.5,0.0,1.0,1
560,0.035774451735728054,0.9565217391304348,1.0,0.0,0.0,0.4285714285714286,0.0,0
561,0.05520285165862226,0.6956521739130435,0.4444444444444444,0.4444444444444444,0.75,0.6428571428571428,0.0,0
562,0.04081583958980722,0.9130434782608695,0.8888888888888888,0.4444444444444444,0.75,0.4285714285714286,0.0,0
563,0.016284517872156335,0.5652173913043478,0.4444444444444444,0.2222222222222222,0.0,1.0,0.0,0
564,0.09960272934421774,0.043478260869565216,0.1111111111111111,0.3333333333333333,0.5,0.8571428571428571,0.3333333333333333,1
565,0.08434419574825586,0.0,0.0,0.4444444444444444,0.5,0.7857142857142857,0.0,0
566,0.0324622931941578,0.34782608695652173,0.4444444444444444,0.2222222222222222,0.5,0.0,0.0,0
567,0.018599575415809328,0.7391304347826086,0.2222222222222222,0.0,0.25,0.8571428571428571,0.0,0
568,0.06913463814589446,0.13043478260869565,0.7777777777777777,0.1111111111111111,0.5,0.7857142857142857,0.0,1
569,0.04726120592709987,0.8695652173913043,0.3333333333333333,0.8888888888888888,0.75,0.3571428571428571,0.0,0
570,0.006675176768802544,0.21739130434782608,0.0,0.3333333333333333,0.5,0.5714285714285714,0.0,0
571,0.03587993849117522,0.4782608695652174,0.0,0.2222222222222222,0.5,0.8571428571428571,0.0,0
572,0.05113596049772168,0.17391304347826086,0.5555555555555556,0.7777777777777777,0.5,0.9285714285714286,0.0,0
573,0.01384576454979446,0.4782608695652174,1.0,0.7777777777777777,0.5,0.5714285714285714,0.0,0
574,0.04735601842753155,0.43478260869565216,0.4444444444444444,0.7777777777777777,0.5,0.0,0.0,0
575,0.006609875444001918,0.0,0.8888888888888888,1.0,1.0,0.6428571428571428,0.0,0
576,0.1557524502124491,0.5652173913043478,0.3333333333333333,0.5555555555555556,0.5,0.7142857142857143,0.0,0
577,0.14233302796592026,0.7826086956521738,0.4444444444444444,0.8888888888888888,0.25,0.0,0.0,0
578,0.029304597401635178,0.9565217391304348,0.3333333333333333,0.8888888888888888,0.75,0.8571428571428571,0.3333333333333333,0
579,0.056929569381715756,0.30434782608695654,0.4444444444444444,0.8888888888888888,0.25,0.21428571428571427,0.0,0
580,0.0006115720226520251,0.9130434782608695,0.7777777777777777,0.8888888888888888,1.0,0.9285714285714286,0.3333333333333333,1
581,0.01000114905215755,0.9130434782608695,0.1111111111111111,0.3333333333333333,0.5,0.5714285714285714,0.0,0
582,0.027992919829437964,1.0,0.4444444444444444,1.0,0.5,0.2857142857142857,0.0,0
583,0.01115522438853786,0.34782608695652173,0.4444444444444444,0.0,0.5,0.0,0.0,0
584,0.0821823451589428,0.8695652173913043,0.1111111111111111,0.2222222222222222,0.0,0.0,0.0,1
585,0.30462440122138595,0.5652173913043478,0.1111111111111111,0.2222222222222222,0.25,0.7857142857142857,0.0,0
586,0.009737432163539634,0.043478260869565216,0.4444444444444444,0.5555555555555556,0.5,0.3571428571428571,0.0,0
587,0.014936422253435697,0.2608695652173913,0.1111111111111111,0.5555555555555556,0.25,0.8571428571428571,0.0,0
588,0.049711889299184936,0.6956521739130435,0.4444444444444444,0.4444444444444444,0.75,0.21428571428571427,0.0,0
589,0.20603133082216255,0.13043478260869565,1.0,0.3333333333333333,1.0,0.9285714285714286,0.0,1
590,0.009161022392703331,0.43478260869565216,0.8888888888888888,0.1111111111111111,0.25,1.0,0.0,0
591,0.050435227050822644,0.7826086956521738,1.0,0.2222222222222222,0.75,0.07142857142857142,0.0,0
592,0.2549577205316784,0.13043478260869565,1.0,0.5555555555555556,1.0,0.6428571428571428,0.0,1
593,0.0048674602870621125,0.4782608695652174,0.4444444444444444,0.0,0.25,1.0,0.3333333333333333,0
594,0.008460288945804298,0.21739130434782608,0.4444444444444444,0.4444444444444444,0.5,0.2857142857142857,0.6666666666666666,0
595,0.024202931401586195,0.5217391304347826,0.1111111111111111,0.0,0.5,0.07142857142857142,0.0,0
596,0.021675644552331164,0.21739130434782608,0.2222222222222222,0.2222222222222222,0.0,0.9285714285714286,0.0,0
597,0.09098672185465809,1.0,0.5555555555555556,0.5555555555555556,0.25,0.5,0.0,0
598,0.05004153540995733,0.043478260869565216,0.7777777777777777,0.3333333333333333,0.5,0.0,0.0,0
599,0.003938800100714736,1.0,0.8888888888888888,0.7777777777777777,0.25,0.8571428571428571,0.3333333333333333,0
600,0.06678692993984117,0.8260869565217391,0.3333333333333333,0.6666666666666666,0.5,0.7142857142857143,0.0,0
601,0.02030180514210259,0.8695652173913043,1.0,0.7777777777777777,0.75,0.07142857142857142,0.0,0
602,0.1462391774042347,0.8695652173913043,0.2222222222222222,0.8888888888888888,0.5,0.21428571428571427,0.0,0
603,0.019157148266030065,0.17391304347826086,0.2222222222222222,0.7777777777777777,0.75,0.0,0.0,0
604,0.01895684901015122,0.9565217391304348,0.6666666666666666,0.0,0.25,1.0,0.0,0
605,0.06860908806072019,0.6086956521739131,0.7777777777777777,0.2222222222222222,0.5,0.0,0.0,0
606,0.086425047578922,1.0,0.8888888888888888,0.4444444444444444,0.5,0.7857142857142857,0.0,0
607,0.0622353020217667,0.9130434782608695,0.2222222222222222,0.6666666666666666,0.75,0.5,0.0,0
608,0.004600603911674935,0.5652173913043478,0.2222222222222222,0.7777777777777777,0.5,0.5714285714285714,0.3333333333333333,0
609,0.06838744029481036,0.34782608695652173,1.0,1.0,0.5,0.8571428571428571,0.0,0
610,0.011706518265220076,0.08695652173913043,0.7777777777777777,0.1111111111111111,0.75,0.9285714285714286,0.0,1
611,0.049703098736231,0.08695652173913043,0.4444444444444444,0.3333333333333333,0.5,0.07142857142857142,0.3333333333333333,0
612,0.006917545147389485,0.3913043478260869,0.5555555555555556,0.6666666666666666,0.5,0.0,0.0,0
613,0.06211914101130404,0.8260869565217391,0.2222222222222222,0.0,0.5,0.07142857142857142,0.3333333333333333,0
614,0.015502785666610366,0.5217391304347826,0.4444444444444444,0.4444444444444444,0.75,0.7142857142857143,0.0,0
615,0.008442079922542582,0.4782608695652174,0.0,0.0,0.5,0.5714285714285714,0.0,0
616,0.08213336916534233,0.21739130434782608,0.4444444444444444,0.3333333333333333,0.5,0.07142857142857142,0.0,0
617,0.05004027961524962,0.5652173913043478,0.2222222222222222,0.2222222222222222,0.5,0.21428571428571427,0.0,0
618,0.019462934277356077,0.6521739130434783,0.2222222222222222,0.3333333333333333,0.5,0.5714285714285714,0.0,0
619,0.17511554881054267,1.0,0.3333333333333333,0.2222222222222222,0.5,0.7142857142857143,0.0,0
620,0.02374079894915099,0.7391304347826086,0.6666666666666666,0.6666666666666666,0.5,0.3571428571428571,0.0,0
621,0.039987015082722344,0.6086956521739131,0.4444444444444444,0.4444444444444444,0.5,1.0,0.0,0
622,0.051510815217971434,0.9130434782608695,0.1111111111111111,0.5555555555555556,0.5,1.0,0.0,0
623,0.01933484321717023,0.43478260869565216,0.8888888888888888,0.2222222222222222,0.75,0.7857142857142857,0.0,1
624,0.0637585810022121,0.9565217391304348,0.4444444444444444,0.4444444444444444,0.5,0.4285714285714286,0.0,0
625,0.021358556388635815,0.34782608695652173,0.8888888888888888,1.0,0.5,0.9285714285714286,1.0,1
626,0.02453194961500474,0.13043478260869565,0.1111111111111111,1.0,0.75,0.7142857142857143,0.3333333333333333,1
627,0.1600121058609823,0.43478260869565216,0.8888888888888888,0.3333333333333333,0.75,0.5,0.0,0
628,0.011613589456849954,0.13043478260869565,0.8888888888888888,0.3333333333333333,1.0,0.4285714285714286,0.0,0
629,0.0006008977676365376,0.08695652173913043,0.7777777777777777,0.6666666666666666,0.5,0.8571428571428571,0.0,1
630,0.20599428487828525,0.9130434782608695,0.1111111111111111,0.7777777777777777,0.5,0.5714285714285714,0.0,0
631,0.5313776005153782,0.8260869565217391,0.7777777777777777,0.6666666666666666,0.5,0.14285714285714285,0.0,0
632,0.024708388771437204,0.21739130434782608,0.8888888888888888,0.2222222222222222,0.5,1.0,0.0,0
633,0.0028814209568276614,0.8695652173913043,1.0,0.0,0.5,0.07142857142857142,0.0,0
634,0.027477416101925323,0.043478260869565216,0.8888888888888888,0.6666666666666666,0.25,0.7142857142857143,0.0,1
635,0.028229009234486388,0.2608695652173913,0.8888888888888888,0.5555555555555556,0.5,0.6428571428571428,0.0,0
636,0.03140051876879376,0.6956521739130435,0.1111111111111111,0.0,0.25,0.5714285714285714,0.0,0
637,0.010577558822993854,0.30434782608695654,0.8888888888888888,0.6666666666666666,0.5,0.0,0.0,0
638,0.07142018451391641,0.7391304347826086,0.4444444444444444,0.4444444444444444,0.5,0.5,0.0,0
639,0.06742612944606269,0.8695652173913043,1.0,0.3333333333333333,0.75,0.9285714285714286,0.0,0
640,0.006231881236982904,0.043478260869565216,0.3333333333333333,0.2222222222222222,0.75,0.21428571428571427,0.0,0
641,0.08089578348089968,0.0,0.8888888888888888,0.8888888888888888,0.5,0.7142857142857143,0.0,0
642,0.3221521558541696,0.9565217391304348,0.6666666666666666,0.0,0.25,0.8571428571428571,0.0,0
643,0.046460636800938336,0.5217391304347826,0.1111111111111111,0.7777777777777777,0.5,1.0,0.0,0
644,0.026666800618102157,0.5217391304347826,0.5555555555555556,0.8888888888888888,0.5,0.5,0.0,0
645,0.03309584162419465,0.4782608695652174,0.2222222222222222,0.0,0.75,0.2857142857142857,0.0,0
646,0.07412956159578857,0.43478260869565216,0.5555555555555556,0.1111111111111111,0.5,0.7142857142857143,0.0,0
647,0.0042596556485332004,0.6956521739130435,0.6666666666666666,0.3333333333333333,0.5,0.5,0.0,0
648,0.04608703787539629,0.5652173913043478,0.4444444444444444,1.0,0.25,0.6428571428571428,0.0,0
649,0.025124056819687348,0.13043478260869565,0.8888888888888888,0.0,0.5,0.7857142857142857,0.0,0
650,0.26189535839439115,0.6521739130434783,0.4444444444444444,0.8888888888888888,0.5,0.7142857142857143,0.3333333333333333,0
651,0.03194867315870671,0.6956521739130435,0.2222222222222222,0.0,0.5,0.21428571428571427,0.0,0
652,0.218250213328126,0.08695652173913043,0.3333333333333333,0.7777777777777777,0.0,0.7857142857142857,0.0,0
653,0.010710673062010517,0.3913043478260869,0.1111111111111111,0.4444444444444444,0.25,0.5714285714285714,0.3333333333333333,0
654,0.07199596638739886,0.7826086956521738,0.7777777777777777,0.2222222222222222,0.5,0.9285714285714286,0.0,0
655,0.05434074859178322,0.6086956521739131,0.4444444444444444,0.6666666666666666,0.5,0.6428571428571428,0.0,0
656,0.014374454121737996,0.13043478260869565,0.3333333333333333,0.4444444444444444,0.25,0.9285714285714286,0.0,1
657,0.04673126056044862,0.0,0.0,0.1111111111111111,0.5,1.0,0.0,0
658,0.13726903580710242,0.5652173913043478,0.4444444444444444,0.0,0.25,1.0,0.0,0
659,0.02707242230869067,0.4782608695652174,0.3333333333333333,0.0,0.75,0.7857142857142857,0.3333333333333333,1
660,0.0045516279180744645,1.0,0.2222222222222222,0.5555555555555556,0.5,0.5714285714285714,0.6666666666666666,0
661,0.037897372689102274,0.5217391304347826,0.4444444444444444,0.1111111111111111,0.5,0.07142857142857142,0.0,0
662,0.013799300145609397,0.9565217391304348,0.8888888888888888,0.5555555555555556,0.5,0.3571428571428571,0.0,0
663,0.026517361047885338,0.21739130434782608,0.1111111111111111,0.0,0.5,0.5,0.0,0
664,0.03535250471393939,0.43478260869565216,0.0,0.7777777777777777,0.5,0.7857142857142857,0.0,0
665,0.004447396957335003,0.13043478260869565,0.4444444444444444,0.4444444444444444,0.75,0.5714285714285714,0.0,0
666,0.005161316248664933,0.5652173913043478,0.7777777777777777,0.2222222222222222,0.5,0.4285714285714286,0.0,0
667,0.064493848803573,0.17391304347826086,0.7777777777777777,0.8888888888888888,0.25,0.14285714285714285,0.0,0
668,0.021622901174607582,0.4782608695652174,0.4444444444444444,0.2222222222222222,1.0,0.7142857142857143,0.0,0
669,7.409188775455702e-05,0.34782608695652173,1.0,1.0,0.5,0.4285714285714286,0.0,0
670,0.08840983111444875,0.17391304347826086,0.3333333333333333,0.3333333333333333,0.5,0.0,0.0,0
671,0.05169981232148094,0.08695652173913043,0.0,0.7777777777777777,0.5,0.2857142857142857,0.0,0
672,0.017314269532473912,0.5217391304347826,0.8888888888888888,0.5555555555555556,1.0,0.9285714285714286,0.3333333333333333,0
673,0.00805278356315423,0.9565217391304348,0.4444444444444444,0.0,0.5,0.07142857142857142,0.0,0
674,0.09319692054021778,0.17391304347826086,0.4444444444444444,1.0,0.75,0.4285714285714286,0.0,0
675,0.05608818692755384,0.3913043478260869,0.5555555555555556,1.0,0.75,0.5,0.0,0
676,0.44929320734363637,0.21739130434782608,0.8888888888888888,0.0,0.75,0.07142857142857142,0.0,0
677,0.06043574820562634,0.8260869565217391,0.7777777777777777,0.2222222222222222,0.0,0.14285714285714285,0.6666666666666666,1
678,0.058403872368560684,0.3913043478260869,0.8888888888888888,0.8888888888888888,0.75,1.0,0.3333333333333333,0
679,0.032203599484370696,1.0,0.7777777777777777,0.1111111111111111,0.75,0.5714285714285714,0.0,0
680,0.09138041349552342,0.21739130434782608,0.4444444444444444,0.5555555555555556,0.75,0.21428571428571427,0.0,0
681,0.07489245688071897,0.043478260869565216,0.4444444444444444,0.2222222222222222,0.75,0.14285714285714285,0.0,0
682,0.14288306604789477,0.5652173913043478,0.7777777777777777,0.1111111111111111,0.75,0.4285714285714286,0.0,0
683,0.021657435529069454,0.6521739130434783,0.7777777777777777,0.2222222222222222,0.75,0.7142857142857143,0.0,0
684,0.023882075853767733,1.0,1.0,0.1111111111111111,0.25,0.7142857142857143,0.0,0
685,0.022726744722679718,0.8695652173913043,1.0,0.0,0.25,0.14285714285714285,0.0,0
686,0.08895735760700785,0.9130434782608695,0.8888888888888888,0.6666666666666666,0.25,0.7142857142857143,0.0,0
687,0.1837303005053946,0.6521739130434783,0.8888888888888888,0.4444444444444444,0.75,0.9285714285714286,0.0,0
688,0.023256062191977105,0.34782608695652173,0.4444444444444444,0.4444444444444444,0.5,0.21428571428571427,0.0,0
689,0.024170908636539735,0.43478260869565216,0.7777777777777777,1.0,0.75,0.0,0.0,0
690,0.054035590477811056,0.13043478260869565,0.1111111111111111,0.1111111111111111,0.75,1.0,0.0,1
691,0.029524361475483436,0.43478260869565216,0.0,0.1111111111111111,0.0,0.5,0.0,0
692,0.1050723431936241,0.34782608695652173,0.4444444444444444,0.1111111111111111,0.5,0.7857142857142857,0.0,0
693,0.0012545389129966595,0.0,0.4444444444444444,1.0,0.75,0.2857142857142857,0.0,0
694,0.015131698330483726,0.17391304347826086,0.0,0.6666666666666666,0.75,0.2857142857142857,0.0,0
695,0.015959267042860905,0.5217391304347826,1.0,0.4444444444444444,0.75,0.21428571428571427,0.0,0
696,0.0009631945408092469,0.34782608695652173,0.0,0.6666666666666666,0.75,0.21428571428571427,0.3333333333333333,0
697,0.012793408584738201,1.0,0.4444444444444444,0.6666666666666666,0.25,0.5,0.0,0
698,0.013585187147945803,0.4782608695652174,0.7777777777777777,0.0,0.25,0.07142857142857142,0.0,0
699,0.03101624558823622,1.0,0.0,0.4444444444444444,0.5,0.8571428571428571,0.0,0
700,0.12396389087897469,0.6521739130434783,0.7777777777777777,0.6666666666666666,0.0,0.5,0.0,0
701,0.02954759367757597,0.0,0.4444444444444444,0.2222222222222222,0.5,0.9285714285714286,0.0,0
702,0.011758633745589808,0.17391304347826086,1.0,0.0,0.75,0.5,0.0,0
703,0.036312559767979376,0.6956521739130435,1.0,1.0,0.75,0.2857142857142857,0.0,0
704,0.11610889498228388,0.5652173913043478,0.3333333333333333,0.0,0.5,0.5,0.0,0
705,0.012598760405044027,0.30434782608695654,0.1111111111111111,0.8888888888888888,0.5,0.14285714285714285,0.0,0
706,0.013661790625115768,0.5217391304347826,0.4444444444444444,0.6666666666666666,0.5,0.8571428571428571,0.0,0
707,0.06986990594725537,0.9130434782608695,1.0,0.1111111111111111,0.75,0.7142857142857143,0.0,1
708,0.030325558498998824,0.3913043478260869,0.1111111111111111,0.3333333333333333,0.25,0.14285714285714285,0.0,0
709,0.07666061582916672,0.043478260869565216,0.8888888888888888,0.1111111111111111,0.5,0.5714285714285714,0.0,0
710,0.03805874230904229,0.30434782608695654,0.4444444444444444,0.1111111111111111,0.75,0.5714285714285714,0.0,0
711,0.0811029896076709,0.9565217391304348,0.1111111111111111,0.1111111111111111,0.5,0.21428571428571427,0.0,0
712,0.011695216112850735,0.7826086956521738,0.3333333333333333,0.5555555555555556,0.75,0.07142857142857142,0.0,0
713,0.03812278783913521,0.8695652173913043,0.8888888888888888,0.8888888888888888,0.5,0.7857142857142857,0.0,0
714,0.030690366861586937,0.9130434782608695,1.0,0.4444444444444444,0.5,0.21428571428571427,0.0,0
715,0.009241393253996411,0.08695652173913043,0.3333333333333333,0.7777777777777777,0.5,0.5,0.0,0
716,0.005605867575192278,0.2608695652173913,0.2222222222222222,0.7777777777777777,0.25,0.21428571428571427,0.0,0
717,0.079773103012212,0.043478260869565216,1.0,0.7777777777777777,0.25,0.6428571428571428,0.0,0
718,0.026263062619575204,0.0,0.3333333333333333,0.4444444444444444,0.75,0.0,0.0,0
719,0.0118860969084218,0.8695652173913043,0.5555555555555556,0.8888888888888888,0.25,0.3571428571428571,0.0,0
720,0.034794931863718646,0.9565217391304348,0.8888888888888888,0.3333333333333333,0.5,0.5714285714285714,0.3333333333333333,0
721,0.12589153575530088,0.13043478260869565,0.7777777777777777,1.0,0.5,0.4285714285714286,0.0,0
722,0.0011289594422262232,0.7391304347826086,0.2222222222222222,0.6666666666666666,0.5,0.6428571428571428,0.0,0
723,0.006210532726951929,0.5217391304347826,0.4444444444444444,0.8888888888888888,0.75,0.14285714285714285,0.0,0
724,0.013456468190406107,0.043478260869565216,0.8888888888888888,0.0,0.5,0.4285714285714286,0.0,0
725,0.17690693996108295,0.9130434782608695,0.0,0.2222222222222222,0.0,0.7857142857142857,0.0,0
726,0.05226303624788635,0.8695652173913043,0.5555555555555556,0.5555555555555556,0.5,0.3571428571428571,0.0,0
727,0.08681936711714117,0.5652173913043478,0.8888888888888888,0.7777777777777777,0.5,0.14285714285714285,0.0,0
728,0.010215262049821145,0.6956521739130435,0.4444444444444444,0.4444444444444444,0.5,0.8571428571428571,0.3333333333333333,0
729,0.010493420577577661,0.3913043478260869,0.3333333333333333,0.0,0.5,0.7857142857142857,0.0,0
730,0.06221646510115112,0.8260869565217391,0.4444444444444444,0.1111111111111111,0.75,0.7142857142857143,0.0,0
731,0.041130416164087163,0.43478260869565216,0.2222222222222222,0.6666666666666666,0.25,0.7857142857142857,0.0,0
732,0.06915724245063315,1.0,0.8888888888888888,0.0,0.5,0.7857142857142857,0.3333333333333333,0
733,0.031478378040671426,0.043478260869565216,0.0,0.8888888888888888,1.0,0.7857142857142857,0.3333333333333333,1
734,0.05201752838253015,0.17391304347826086,0.7777777777777777,0.6666666666666666,0.25,0.5,0.0,1
735,0.04577874027465487,1.0,0.3333333333333333,0.1111111111111111,0.75,0.0,0.6666666666666666,0
736,0.08776435263468871,0.2608695652173913,0.3333333333333333,0.0,0.0,0.5714285714285714,0.3333333333333333,0
737,0.09046179966683768,0.30434782608695654,0.2222222222222222,0.8888888888888888,1.0,0.2857142857142857,0.0,0
738,0.005126781894203064,0.7826086956521738,0.6666666666666666,0.0,0.75,0.7857142857142857,0.3333333333333333,1
739,0.0012746316283199282,0.17391304347826086,0.7777777777777777,0.6666666666666666,0.75,0.5,0.0,1
740,0.11058528196044626,0.5217391304347826,0.4444444444444444,0.7777777777777777,0.25,0.9285714285714286,0.0,0
741,0.13383066989740786,0.2608695652173913,0.3333333333333333,0.7777777777777777,0.75,0.5714285714285714,0.0,0
742,0.011911212802575887,0.17391304347826086,0.1111111111111111,0.2222222222222222,0.5,0.5714285714285714,0.0,0
743,0.0033630182272322857,1.0,0.7777777777777777,0.8888888888888888,0.75,0.9285714285714286,0.0,0
744,0.04297266700028946,0.17391304347826086,0.3333333333333333,0.4444444444444444,0.0,0.5,0.0,0
745,0.1028006105673869,0.08695652173913043,0.8888888888888888,1.0,0.5,0.3571428571428571,0.6666666666666666,1
746,0.2489110690140819,0.6956521739130435,0.4444444444444444,0.0,0.75,0.3571428571428571,0.0,0
747,0.06684909177787254,0.8695652173913043,1.0,0.8888888888888888,0.75,0.9285714285714286,0.6666666666666666,1
748,0.025659025365169404,0.13043478260869565,0.0,0.6666666666666666,0.5,0.7857142857142857,0.0,0
749,0.013957530278780148,0.6956521739130435,0.1111111111111111,0.4444444444444444,0.25,0.14285714285714285,0.0,0
750,0.039105447197913874,0.5217391304347826,0.4444444444444444,0.7777777777777777,0.75,0.5,0.0,0
751,0.027822759646544026,0.8260869565217391,0.7777777777777777,0.3333333333333333,0.0,0.3571428571428571,0.0,0
752,0.011994723150638228,0.13043478260869565,0.2222222222222222,0.5555555555555556,0.5,0.6428571428571428,0.0,0
753,0.320876268431142,1.0,0.4444444444444444,0.1111111111111111,0.5,0.0,0.0,0
754,0.24579858183103662,0.6086956521739131,0.1111111111111111,0.4444444444444444,1.0,0.7142857142857143,0.0,0
755,0.12693196167063395,0.8695652173913043,0.5555555555555556,0.4444444444444444,0.5,0.7857142857142857,0.0,0
756,0.013490374647514125,0.34782608695652173,0.0,0.1111111111111111,0.5,0.21428571428571427,0.0,0
757,0.09506554306528187,0.9565217391304348,0.3333333333333333,0.7777777777777777,0.5,0.14285714285714285,0.3333333333333333,0
758,0.07603585796208381,0.6521739130434783,1.0,0.1111111111111111,0.5,0.6428571428571428,0.0,0
759,0.061873005248593994,0.13043478260869565,0.1111111111111111,0.0,0.25,0.21428571428571427,0.0,0
760,0.14258293111275344,0.9565217391304348,0.4444444444444444,0.6666666666666666,1.0,1.0,0.0,0
761,0.07569930498041902,0.8260869565217391,0.0,0.1111111111111111,0.25,0.7857142857142857,1.0,1
762,0.08439631122862559,0.30434782608695654,0.4444444444444444,0.5555555555555556,0.75,1.0,0.0,0
763,0.07582048916971248,0.5652173913043478,0.4444444444444444,0.2222222222222222,0.5,0.5714285714285714,0.0,0
764,0.05558335745505669,0.3913043478260869,0.0,0.2222222222222222,0.5,1.0,0.0,0
765,0.0038778940573910743,0.5652173913043478,0.7777777777777777,0.5555555555555556,0.5,0.0,0.0,0
766,0.04226691037455961,1.0,0.2222222222222222,0.5555555555555556,0.5,0.2857142857142857,0.0,0
767,0.020807262511953598,0.9130434782608695,0.8888888888888888,1.0,0.5,0.0,0.0,0
768,0.008474102687589045,0.21739130434782608,0.8888888888888888,0.2222222222222222,0.5,0.7142857142857143,0.0,0
769,0.22135516574292505,1.0,0.8888888888888888,0.3333333333333333,0.5,0.5,0.0,0
770,0.23220083673601377,0.43478260869565216,1.0,0.3333333333333333,0.5,0.2857142857142857,0.0,0
771,0.15945453301076157,0.6956521739130435,0.8888888888888888,0.8888888888888888,1.0,0.2857142857142857,1.0,1
772,0.05076675685365659,0.7826086956521738,0.8888888888888888,0.4444444444444444,0.25,0.6428571428571428,0.0,0
773,0.15806311247462512,0.4782608695652174,0.3333333333333333,1.0,0.75,0.14285714285714285,0.0,0
774,0.03913119098942182,0.43478260869565216,0.7777777777777777,0.5555555555555556,0.75,0.5,0.0,0
775,0.04801405485436863,0.43478260869565216,0.5555555555555556,0.1111111111111111,0.25,0.6428571428571428,0.0,0
776,0.010853833658688814,0.8695652173913043,0.4444444444444444,0.1111111111111111,0.5,0.21428571428571427,0.0,0
777,0.05897777054998157,0.3913043478260869,0.8888888888888888,0.7777777777777777,0.25,0.21428571428571427,0.0,0
778,0.04122397286981114,0.2608695652173913,0.4444444444444444,0.7777777777777777,0.5,0.3571428571428571,0.0,0
779,0.008212269491032684,0.34782608695652173,1.0,1.0,0.5,0.5714285714285714,0.0,0
780,0.036540486507427715,0.17391304347826086,0.1111111111111111,0.1111111111111111,0.5,0.21428571428571427,0.0,0
781,0.03542408501227853,0.3913043478260869,0.4444444444444444,0.4444444444444444,0.5,0.3571428571428571,0.0,0
782,0.24890290634848183,0.08695652173913043,0.2222222222222222,0.2222222222222222,0.5,0.5714285714285714,0.3333333333333333,0
783,0.09899052942421185,0.08695652173913043,0.8888888888888888,0.7777777777777777,1.0,0.14285714285714285,0.0,0
784,0.039105447197913874,0.7391304347826086,0.7777777777777777,0.0,0.75,0.5714285714285714,0.0,0
785,0.0504214133090379,0.043478260869565216,0.4444444444444444,0.4444444444444444,0.75,0.14285714285714285,0.0,0
786,0.04051256516789662,0.5652173913043478,0.4444444444444444,0.0,0.25,0.14285714285714285,0.0,0
787,0.030954711647558704,0.7826086956521738,0.8888888888888888,0.6666666666666666,0.25,0.21428571428571427,0.3333333333333333,0
788,0.011008924305090304,0.7391304347826086,0.4444444444444444,0.6666666666666666,0.5,0.2857142857142857,0.0,0
789,0.03276933500019151,0.43478260869565216,0.1111111111111111,0.7777777777777777,0.75,0.0,0.0,0
790,0.016665651565944607,0.17391304347826086,0.5555555555555556,0.4444444444444444,0.25,1.0,0.0,1
791,0.008822585718977004,0.9565217391304348,0.1111111111111111,0.4444444444444444,0.5,0.2857142857142857,0.0,0
792,0.06649495767029989,0.8695652173913043,0.4444444444444444,0.4444444444444444,0.5,0.8571428571428571,0.3333333333333333,0
793,0.058623008545055096,0.6086956521739131,0.3333333333333333,0.2222222222222222,0.75,0.9285714285714286,0.0,0
794,0.0038565455473601002,0.08695652173913043,0.8888888888888888,0.8888888888888888,0.25,0.8571428571428571,0.0,0
795,0.0338028540446322,0.0,0.3333333333333333,0.4444444444444444,0.25,0.8571428571428571,0.0,0
796,0.1099002459473935,0.30434782608695654,1.0,0.3333333333333333,0.25,0.07142857142857142,0.0,0
797,0.11731383000432621,0.13043478260869565,0.6666666666666666,0.5555555555555556,0.5,0.3571428571428571,0.0,0
798,0.11335870457241132,0.8695652173913043,0.4444444444444444,0.8888888888888888,0.25,0.7857142857142857,0.0,0
799,0.04028149894167901,0.17391304347826086,0.8888888888888888,0.7777777777777777,0.5,0.5714285714285714,0.0,0
800,0.014799540630295923,0.2608695652173913,0.0,0.3333333333333333,0.5,0.0,0.0,0
801,0.010991343179182442,1.0,0.7777777777777777,0.0,1.0,0.5714285714285714,0.0,0
802,0.05580751681038191,0.8260869565217391,1.0,0.3333333333333333,0.5,0.8571428571428571,0.0,0
803,0.05788774074369419,0.21739130434782608,0.3333333333333333,0.6666666666666666,0.75,0.8571428571428571,0.0,0
804,0.1481762407408687,0.3913043478260869,0.4444444444444444,0.3333333333333333,0.5,0.3571428571428571,0.0,0
805,0.12232445088806665,0.5217391304347826,0.4444444444444444,1.0,1.0,0.21428571428571427,0.0,0
806,0.033451859423828834,0.6521739130434783,0.4444444444444444,0.8888888888888888,0.25,0.2857142857142857,0.0,0
807,0.008895421812023857,0.9565217391304348,0.0,0.2222222222222222,1.0,0.2857142857142857,0.3333333333333333,0
808,0.02721432711066126,0.8695652173913043,0.1111111111111111,0.7777777777777777,0.25,0.3571428571428571,0.0,0
809,0.048758113218683466,1.0,0.0,1.0,0.0,0.2857142857142857,0.0,0
810,0.030982967028482057,0.0,0.4444444444444444,0.1111111111111111,0.25,0.4285714285714286,0.0,0
811,0.02029364247650251,0.21739130434782608,0.7777777777777777,0.8888888888888888,0.75,0.0,0.0,0
812,0.05064180528024001,0.5652173913043478,0.6666666666666666,0.5555555555555556,0.75,0.2857142857142857,0.0,0
813,0.02209194049793516,0.043478260869565216,0.4444444444444444,0.2222222222222222,0.5,0.2857142857142857,0.0,0
814,0.01914647401101458,0.34782608695652173,0.4444444444444444,0.1111111111111111,0.5,0.14285714285714285,0.0,0
815,0.05388552301024039,0.13043478260869565,0.4444444444444444,0.5555555555555556,0.5,0.9285714285714286,0.3333333333333333,1
816,0.024800061785099622,0.9565217391304348,0.6666666666666666,0.8888888888888888,0.5,0.7142857142857143,0.0,0
817,0.050171510162204724,0.043478260869565216,0.1111111111111111,0.1111111111111111,0.5,0.9285714285714286,0.0,1
818,0.051745648828312146,0.13043478260869565,0.3333333333333333,0.7777777777777777,0.5,0.5714285714285714,0.0,0
819,0.010225308407482779,0.17391304347826086,0.8888888888888888,0.2222222222222222,0.25,0.07142857142857142,0.3333333333333333,0
820,0.022671489755540723,0.13043478260869565,0.2222222222222222,0.3333333333333333,0.5,0.9285714285714286,0.3333333333333333,1
821,0.17274272471033528,0.5652173913043478,0.8888888888888888,0.0,0.75,0.4285714285714286,0.0,0
822,0.00992580136969529,0.34782608695652173,0.8888888888888888,0.1111111111111111,0.5,0.7142857142857143,0.0,0
823,0.0018905989324489187,0.9130434782608695,0.5555555555555556,0.6666666666666666,0.75,0.3571428571428571,0.0,0
824,0.003349832382801389,0.2608695652173913,0.4444444444444444,0.4444444444444444,0.5,0.5,0.0,0
825,0.03985829612518264,0.5217391304347826,0.6666666666666666,0.3333333333333333,0.25,0.5,0.0,0
826,0.03993615539706031,0.6521739130434783,0.4444444444444444,1.0,0.5,0.2857142857142857,0.0,0
827,0.03399059535343401,0.6521739130434783,0.8888888888888888,0.8888888888888888,1.0,0.5714285714285714,0.0,0
828,0.13750386941744314,0.8260869565217391,0.7777777777777777,0.7777777777777777,0.5,0.7857142857142857,0.3333333333333333,1
829,0.0,0.17391304347826086,0.0,0.5555555555555556,0.75,0.0,0.3333333333333333,0
830,0.05891246922518095,0.5217391304347826,0.0,0.8888888888888888,0.5,0.07142857142857142,0.6666666666666666,0
831,0.19589455594157293,0.8260869565217391,0.1111111111111111,0.1111111111111111,0.25,0.8571428571428571,0.0,0
832,0.010381654848591973,0.8695652173913043,0.8888888888888888,1.0,0.5,0.5714285714285714,0.0,0
833,0.025426703344244097,0.6086956521739131,1.0,0.3333333333333333,0.25,1.0,0.0,0
834,0.01653128153222024,0.6521739130434783,0.8888888888888888,0.1111111111111111,0.25,0.6428571428571428,0.0,0
835,0.013936809666103025,0.8695652173913043,0.8888888888888888,0.1111111111111111,0.5,0.6428571428571428,0.0,0
836,0.02699833042093611,0.6086956521739131,1.0,0.0,0.5,0.9285714285714286,1.0,1
837,0.1709419150994872,0.9565217391304348,1.0,0.8888888888888888,0.5,0.6428571428571428,0.0,0
838,0.25914328429245703,0.13043478260869565,0.1111111111111111,0.3333333333333333,0.5,0.2857142857142857,0.0,0
839,0.026707613946102552,0.34782608695652173,1.0,0.4444444444444444,0.0,0.5,0.0,0
840,0.2775073982005718,0.08695652173913043,0.4444444444444444,0.1111111111111111,0.5,0.21428571428571427,0.0,0
841,0.04013708255029301,0.08695652173913043,0.7777777777777777,0.6666666666666666,0.5,0.3571428571428571,0.0,0
842,0.23808486283896257,0.4782608695652174,0.3333333333333333,0.7777777777777777,0.0,0.7142857142857143,0.0,0
843,0.03490418600328893,0.21739130434782608,0.4444444444444444,0.1111111111111111,0.5,0.14285714285714285,0.0,0
844,0.04447271377864233,0.3913043478260869,0.0,0.4444444444444444,0.5,0.7142857142857143,0.0,0
845,0.057050753571009236,0.43478260869565216,0.6666666666666666,1.0,0.75,0.5714285714285714,0.0,0
846,1.0,0.6086956521739131,0.1111111111111111,0.6666666666666666,0.75,0.2857142857142857,0.0,0
847,0.09469947890798605,0.9565217391304348,0.4444444444444444,0.2222222222222222,0.75,0.0,0.0,0
848,0.017449895360905982,0.8695652173913043,0.4444444444444444,0.7777777777777777,0.25,0.7142857142857143,0.0,0
849,0.10692150090071875,0.3913043478260869,0.4444444444444444,0.8888888888888888,0.0,0.8571428571428571,0.0,0
850,0.025944718661172147,0.30434782608695654,0.2222222222222222,0.1111111111111111,0.5,0.7142857142857143,0.0,0
851,0.022452981476400166,0.7826086956521738,0.5555555555555556,0.3333333333333333,0.0,0.4285714285714286,0.0,0
852,0.1004711113845953,0.08695652173913043,0.4444444444444444,0.7777777777777777,0.75,0.6428571428571428,0.0,0
853,0.03994306226795269,0.5217391304347826,0.0,0.8888888888888888,0.75,0.4285714285714286,0.0,0
854,0.05204138848197653,0.43478260869565216,0.4444444444444444,0.8888888888888888,0.5,0.3571428571428571,0.3333333333333333,0
855,0.0392128176454226,0.17391304347826086,0.3333333333333333,0.1111111111111111,0.5,0.2857142857142857,0.0,0
856,0.05533659379499277,0.6086956521739131,0.2222222222222222,0.3333333333333333,1.0,0.21428571428571427,0.0,0
857,0.06074027842224466,0.30434782608695654,1.0,0.4444444444444444,0.25,1.0,0.6666666666666666,1
858,0.0028801651621199577,0.17391304347826086,0.4444444444444444,0.1111111111111111,0.25,0.6428571428571428,0.0,0
859,0.07819833644875071,0.6521739130434783,0.3333333333333333,0.2222222222222222,0.75,0.14285714285714285,0.0,0
860,0.012503320007258494,0.17391304347826086,0.5555555555555556,0.8888888888888888,0.25,0.8571428571428571,0.0,0
861,0.006732943325356944,0.6956521739130435,0.1111111111111111,0.4444444444444444,0.5,0.14285714285714285,0.0,0
862,0.03625479321142497,0.13043478260869565,0.4444444444444444,0.6666666666666666,0.5,0.5714285714285714,0.0,0
863,0.042283235705759765,0.43478260869565216,0.4444444444444444,0.6666666666666666,0.5,0.14285714285714285,0.0,0
864,0.01773496075955487,0.8260869565217391,0.3333333333333333,0.5555555555555556,0.5,0.3571428571428571,0.0,0
865,0.09273792757455182,0.21739130434782608,0.3333333333333333,0.2222222222222222,0.5,0.6428571428571428,0.0,0
866,0.007772741343336156,0.7826086956521738,0.2222222222222222,0.1111111111111111,0.75,1.0,0.0,0
867,0.02466192436725214,0.7391304347826086,0.2222222222222222,0.4444444444444444,0.75,1.0,0.0,1
868,0.020130389164500946,0.9130434782608695,0.7777777777777777,0.8888888888888888,0.25,0.9285714285714286,0.0,0
869,0.03672383253475255,0.17391304347826086,0.2222222222222222,0.1111111111111111,0.5,0.21428571428571427,0.0,0
870,0.05205708591582283,0.7391304347826086,0.1111111111111111,0.2222222222222222,1.0,0.07142857142857142,0.0,0
871,0.012103977290208507,0.9565217391304348,0.3333333333333333,0.0,0.75,0.9285714285714286,0.0,0
872,0.08303000658664325,0.7826086956521738,0.1111111111111111,0.1111111111111111,0.75,0.9285714285714286,0.0,0
873,0.041340761777627646,0.17391304347826086,1.0,0.7777777777777777,0.25,0.2857142857142857,0.0,0
874,0.0031576957925226225,0.8260869565217391,0.7777777777777777,0.2222222222222222,0.75,0.0,0.0,0
875,0.00275144620458026,0.08695652173913043,0.0,0.1111111111111111,0.25,0.6428571428571428,0.0,1
876,0.03811336937882743,0.6086956521739131,0.5555555555555556,0.2222222222222222,0.25,0.07142857142857142,0.0,0
877,0.030344395419614388,0.4782608695652174,0.8888888888888888,0.8888888888888888,0.75,0.0,0.0,0
878,0.0345211686174391,0.5217391304347826,0.3333333333333333,0.8888888888888888,0.5,1.0,0.0,0
879,0.03747228618054435,0.5217391304347826,0.8888888888888888,0.4444444444444444,0.5,0.5,0.0,0
880,0.04919199029019533,0.0,0.4444444444444444,0.0,0.5,0.07142857142857142,0.0,0
881,0.10459702489675798,0.5217391304347826,0.1111111111111111,0.5555555555555556,0.25,0.6428571428571428,0.0,0
882,0.010608953690686462,0.9565217391304348,0.8888888888888888,0.1111111111111111,0.25,0.3571428571428571,0.6666666666666666,0
883,0.009797082412155591,0.43478260869565216,0.4444444444444444,0.7777777777777777,1.0,0.5714285714285714,0.0,0
884,0.010855717350750369,0.2608695652173913,0.7777777777777777,0.7777777777777777,0.5,0.9285714285714286,0.0,0
885,0.05261465876604357,1.0,0.4444444444444444,0.3333333333333333,0.5,0.21428571428571427,0.0,0
886,0.141896639304993,0.08695652173913043,0.4444444444444444,0.2222222222222222,0.75,0.6428571428571428,0.0,0
887,0.023991957890691865,0.4782608695652174,0.2222222222222222,0.3333333333333333,0.5,0.8571428571428571,0.0,0
888,0.00028318170658733375,0.5217391304347826,0.4444444444444444,0.7777777777777777,0.75,0.4285714285714286,0.0,0
889,0.0044599549044120465,0.4782608695652174,0.7777777777777777,0.5555555555555556,0.5,1.0,0.3333333333333333,1
890,0.015016793114728779,0.9565217391304348,0.0,0.1111111111111111,0.25,0.4285714285714286,0.0,0
891,0.02077084446543017,0.43478260869565216,0.4444444444444444,0.7777777777777777,0.25,0.4285714285714286,0.6666666666666666,0
892,0.024621738936605603,1.0,0.0,0.5555555555555556,0.75,0.9285714285714286,0.0,0
893,0.040267685199894265,0.043478260869565216,0.3333333333333333,0.2222222222222222,0.5,0.6428571428571428,0.3333333333333333,0
894,0.02743848646598649,0.7391304347826086,0.2222222222222222,0.3333333333333333,0.75,0.9285714285714286,0.0,0
895,0.11612898769760716,0.6086956521739131,0.6666666666666666,1.0,0.25,0.7857142857142857,0.0,0
896,0.018103536506266102,0.21739130434782608,0.0,0.3333333333333333,0.25,0.7142857142857143,0.0,0
897,0.014492498824262207,0.21739130434782608,0.3333333333333333,0.7777777777777777,0.25,0.21428571428571427,0.0,0
898,0.0642784800112017,0.7391304347826086,1.0,0.1111111111111111,0.5,0.3571428571428571,0.0,0
899,0.005853259132610037,0.6521739130434783,0.0,1.0,0.25,0.8571428571428571,0.0,0
900,0.05852631235256186,0.6086956521739131,0.5555555555555556,0.3333333333333333,0.5,0.6428571428571428,0.0,0
901,0.04313466451758333,0.043478260869565216,0.3333333333333333,0.2222222222222222,0.5,0.2857142857142857,0.0,0
902,0.03289930975243892,0.6086956521739131,0.0,0.0,0.25,0.2857142857142857,0.0,0
903,0.20130828692648645,1.0,0.8888888888888888,1.0,0.25,0.7857142857142857,0.3333333333333333,0
904,0.01927770455796968,0.0,0.2222222222222222,0.8888888888888888,0.5,0.14285714285714285,0.0,0
905,0.32463800147807037,0.4782608695652174,0.5555555555555556,0.4444444444444444,0.5,0.07142857142857142,0.0,0
906,0.030195583746751416,0.4782608695652174,0.4444444444444444,0.8888888888888888,0.5,0.7857142857142857,0.0,0
907,0.00850738124734321,0.9130434782608695,0.1111111111111111,0.1111111111111111,0.5,0.2857142857142857,0.0,0
908,0.04164905937836906,0.2608695652173913,0.3333333333333333,0.2222222222222222,0.25,0.7857142857142857,0.0,0
909,0.011096829934629607,0.4782608695652174,0.8888888888888888,0.7777777777777777,0.5,0.5714285714285714,0.6666666666666666,0
910,0.016553885836958916,0.7391304347826086,0.3333333333333333,0.7777777777777777,0.75,1.0,0.0,0
911,0.05898091003675084,0.043478260869565216,0.4444444444444444,0.3333333333333333,0.5,0.5,0.0,0
912,0.06965328136017637,0.8260869565217391,0.8888888888888888,0.8888888888888888,0.5,0.9285714285714286,0.0,0
913,0.019278332455323535,0.8260869565217391,0.3333333333333333,0.5555555555555556,0.75,0.8571428571428571,0.0,0
914,0.10896593468486146,0.7391304347826086,0.3333333333333333,0.1111111111111111,0.5,0.21428571428571427,0.0,0
915,0.12975373237884566,0.6521739130434783,0.0,0.6666666666666666,0.5,1.0,0.0,0
916,0.17248340310319432,0.7391304347826086,0.0,0.8888888888888888,0.0,0.7857142857142857,0.0,0
917,0.06777335668274292,0.7826086956521738,0.3333333333333333,0.4444444444444444,0.75,0.07142857142857142,0.0,0
918,0.16014019692116815,0.9130434782608695,0.2222222222222222,0.5555555555555556,0.75,0.0,0.0,0
919,0.0032280202961540655,0.43478260869565216,0.3333333333333333,0.4444444444444444,0.5,0.2857142857142857,0.3333333333333333,0
920,0.027250745157184685,0.43478260869565216,0.3333333333333333,1.0,0.25,0.0,0.0,0
921,0.01441024427090757,0.6521739130434783,0.3333333333333333,0.0,0.0,0.3571428571428571,0.0,0
922,0.04391262933900618,0.17391304347826086,0.4444444444444444,0.5555555555555556,0.75,1.0,0.0,0
923,0.02044496573878089,0.8695652173913043,0.1111111111111111,0.7777777777777777,0.5,0.5,0.0,0
924,0.032231226967940195,0.7826086956521738,0.8888888888888888,0.1111111111111111,0.5,0.0,0.0,0
925,0.2711574722610647,0.6521739130434783,0.7777777777777777,0.2222222222222222,0.5,0.5,0.0,0
926,0.0321050195998159,0.30434782608695654,0.0,0.5555555555555556,0.5,0.21428571428571427,0.0,0
927,0.06003075441239169,0.34782608695652173,0.4444444444444444,0.8888888888888888,1.0,0.8571428571428571,0.0,0
928,0.02996828490465693,0.43478260869565216,0.3333333333333333,0.3333333333333333,0.5,0.07142857142857142,0.0,0
929,0.041909636780217724,0.6521739130434783,0.1111111111111111,1.0,0.5,0.7857142857142857,0.0,0
930,0.03887689256111168,0.7826086956521738,0.0,0.7777777777777777,0.5,0.4285714285714286,0.0,0
931,0.062249743660905306,0.6956521739130435,0.6666666666666666,0.5555555555555556,0.25,0.0,0.0,0
932,0.13079415829417873,0.9565217391304348,0.3333333333333333,0.7777777777777777,0.5,0.7142857142857143,0.0,0
933,0.2137594914533752,1.0,0.3333333333333333,0.4444444444444444,0.5,0.4285714285714286,0.0,0
934,0.05378129204950092,0.6956521739130435,1.0,0.0,0.5,0.7857142857142857,0.0,0
935,0.07216801026235437,0.34782608695652173,0.8888888888888888,0.2222222222222222,0.0,0.6428571428571428,0.0,0
936,0.010073357247850552,0.6086956521739131,0.7777777777777777,0.2222222222222222,0.5,0.7857142857142857,0.0,0
937,0.035111392130060155,0.43478260869565216,0.0,0.3333333333333333,0.25,0.4285714285714286,0.3333333333333333,0
938,0.1038065021282581,0.6521739130434783,0.8888888888888888,1.0,0.5,0.0,0.0,0
939,0.09614678230861531,0.8260869565217391,1.0,1.0,0.5,0.07142857142857142,0.0,0
940,0.048466768846496054,0.34782608695652173,0.4444444444444444,0.6666666666666666,0.5,0.4285714285714286,0.0,0
941,0.09819561137423499,0.5217391304347826,0.4444444444444444,0.3333333333333333,0.5,0.3571428571428571,0.0,0
942,0.0650847002135479,0.043478260869565216,0.4444444444444444,0.7777777777777777,0.5,0.7857142857142857,0.0,0
943,0.13556429449139373,0.7391304347826086,1.0,0.4444444444444444,0.25,0.4285714285714286,0.0,0
944,0.05263914676284381,0.4782608695652174,0.7777777777777777,0.4444444444444444,1.0,0.8571428571428571,1.0,1
945,0.02612366940702002,0.4782608695652174,0.8888888888888888,0.1111111111111111,0.5,0.14285714285714285,0.0,0
946,0.055293268877576976,0.5217391304347826,0.1111111111111111,0.6666666666666666,0.5,0.3571428571428571,0.0,0
947,0.0,0.21739130434782608,0.4444444444444444,1.0,0.25,0.7857142857142857,0.0,0
948,0.05810813271489631,0.6086956521739131,1.0,0.3333333333333333,0.5,0.07142857142857142,0.0,0
949,0.0,0.7391304347826086,0.2222222222222222,0.3333333333333333,0.5,0.2857142857142857,0.3333333333333333,0
950,0.004313026923610636,0.34782608695652173,0.8888888888888888,0.2222222222222222,0.5,0.7857142857142857,0.3333333333333333,0
951,0.062475786708292076,0.13043478260869565,0.2222222222222222,0.2222222222222222,0.5,0.5714285714285714,0.3333333333333333,0
952,0.06418806279224698,0.3913043478260869,0.2222222222222222,0.6666666666666666,0.25,0.7857142857142857,0.0,0
953,0.009921406088218322,0.17391304347826086,0.4444444444444444,0.5555555555555556,0.0,0.5,0.0,1
954,0.017350687578997336,0.34782608695652173,0.3333333333333333,0.0,0.0,0.8571428571428571,0.0,0
955,0.1613055744099178,0.6521739130434783,0.5555555555555556,0.3333333333333333,0.0,0.9285714285714286,0.0,0
956,0.022599281559847726,0.08695652173913043,0.8888888888888888,0.0,0.5,1.0,0.0,0
957,0.39031166940953166,0.7391304347826086,0.4444444444444444,0.7777777777777777,0.5,0.07142857142857142,0.0,0
958,0.03854473486092388,0.21739130434782608,0.7777777777777777,0.4444444444444444,0.5,0.5714285714285714,0.0,0
959,0.059667829741865124,0.9130434782608695,0.7777777777777777,0.2222222222222222,0.5,0.07142857142857142,0.3333333333333333,0
960,0.20723940533097415,0.7391304347826086,0.8888888888888888,0.5555555555555556,0.5,0.21428571428571427,0.0,0
961,0.04447145798393462,0.2608695652173913,0.3333333333333333,0.3333333333333333,0.5,0.2857142857142857,0.6666666666666666,0
962,0.012188743432978552,0.5652173913043478,0.1111111111111111,0.3333333333333333,0.25,0.6428571428571428,0.0,0
963,0.034284451315036824,0.08695652173913043,0.2222222222222222,0.8888888888888888,0.5,0.4285714285714286,0.0,0
964,0.03716336068244908,0.08695652173913043,0.8888888888888888,0.2222222222222222,0.5,0.8571428571428571,0.0,0
965,0.0075291171700415105,0.9565217391304348,0.4444444444444444,1.0,0.75,0.2857142857142857,0.0,0
966,0.02919722695412645,0.8260869565217391,0.0,0.4444444444444444,0.5,0.6428571428571428,0.0,0
967,0.016742882940468422,0.13043478260869565,0.5555555555555556,0.6666666666666666,0.75,0.7857142857142857,0.0,0
968,0.10211620245168801,0.2608695652173913,0.6666666666666666,0.0,0.5,1.0,0.0,0
969,0.04009564132493877,0.17391304347826086,0.1111111111111111,0.2222222222222222,0.25,0.21428571428571427,0.3333333333333333,1
970,0.028337007579348962,0.3913043478260869,0.4444444444444444,0.6666666666666666,0.5,0.7857142857142857,0.0,0
971,0.03441756555405349,0.2608695652173913,0.7777777777777777,0.6666666666666666,0.25,0.07142857142857142,0.0,0
972,0.04906452712736333,0.30434782608695654,0.7777777777777777,0.6666666666666666,0.5,0.5714285714285714,0.0,0
973,0.0742501178877282,0.5217391304347826,0.3333333333333333,0.3333333333333333,0.5,0.4285714285714286,0.0,0
974,0.01222892886362509,0.17391304347826086,0.3333333333333333,0.4444444444444444,0.25,1.0,0.0,0
975,0.0115985199203575,0.9130434782608695,0.8888888888888888,0.0,0.5,0.7857142857142857,0.0,0
976,0.12291530229804154,0.7391304347826086,0.8888888888888888,0.1111111111111111,0.5,0.9285714285714286,0.0,0
977,0.02451248479703532,0.7826086956521738,0.4444444444444444,0.4444444444444444,0.75,0.8571428571428571,0.0,0
978,0.006987241753667078,0.17391304347826086,0.4444444444444444,0.1111111111111111,0.5,0.4285714285714286,0.0,0
979,0.06195588769930247,0.6956521739130435,0.1111111111111111,0.6666666666666666,0.25,0.7857142857142857,0.0,0
980,0.06324119358263788,0.8695652173913043,0.6666666666666666,0.0,0.25,0.0,0.6666666666666666,1
981,0.00589721194737969,0.17391304347826086,0.4444444444444444,0.1111111111111111,0.5,0.5714285714285714,0.0,0
982,0.04939731272490499,0.7826086956521738,0.1111111111111111,0.6666666666666666,0.25,0.0,0.0,0
983,0.08400952645865264,0.34782608695652173,0.3333333333333333,0.2222222222222222,0.5,0.7142857142857143,0.0,0
984,0.0575894895006144,0.7826086956521738,0.1111111111111111,0.5555555555555556,0.75,1.0,0.0,0
985,0.07543244860503184,0.4782608695652174,0.4444444444444444,0.5555555555555556,0.5,0.7142857142857143,0.0,0
986,0.007115332813852923,0.8260869565217391,0.3333333333333333,1.0,0.5,0.8571428571428571,0.0,0
987,0.0550132266577589,0.13043478260869565,1.0,0.7777777777777777,0.5,0.21428571428571427,0.0,1
988,0.027719156583158412,0.3913043478260869,0.3333333333333333,0.7777777777777777,0.75,1.0,0.0,0
989,0.022631304324894186,0.2608695652173913,0.7777777777777777,0.6666666666666666,0.75,0.5714285714285714,0.0,0
990,0.09660326368486585,0.21739130434782608,0.4444444444444444,0.0,0.75,0.7142857142857143,0.3333333333333333,0
991,0.18019461050585298,0.30434782608695654,0.7777777777777777,0.3333333333333333,1.0,0.7857142857142857,0.0,0
992,0.2480998256329049,0.3913043478260869,0.7777777777777777,0.6666666666666666,1.0,0.6428571428571428,0.0,0
993,0.15239131567727837,0.13043478260869565,0.6666666666666666,1.0,0.25,0.2857142857142857,0.6666666666666666,1
994,0.034283823417682976,0.6956521739130435,0.3333333333333333,0.6666666666666666,0.75,0.6428571428571428,0.0,0
995,0.05628785828607883,0.5652173913043478,0.3333333333333333,0.2222222222222222,0.25,0.6428571428571428,0.0,0
996,0.08677478640501765,0.8260869565217391,0.3333333333333333,0.6666666666666666,0.5,0.8571428571428571,0.0,0
997,0.04400493025002245,0.6956521739130435,0.0,0.2222222222222222,0.25,0.5,0.0,0
998,0.044458900036857575,0.13043478260869565,0.4444444444444444,0.1111111111111111,0.25,0.5,0.0,0
999,0.09204221730648363,0.043478260869565216,0.5555555555555556,0.8888888888888888,0.5,0.5,0.0,0
